,vtuber,music,original,collab,collabVTuber,id,channelId,publishedAt,memo
0,YuNi,だから僕は音楽を辞めた,ヨルシカ,True,燦鳥ノム,BcM4jKW9pRQ,UCHTnX0CSX_KObo5I9WuZ64g,2019-06-28 18:00:01,
1,YuNi,ハレ晴レユカイ,涼宮ハルヒの憂鬱,True,織田信姫,Vs0K7kA1t_4,UCHTnX0CSX_KObo5I9WuZ64g,2019-05-19 19:00:04,
2,YuNi,乙女解剖,DECO*27,False,,7wCCpsKzUbU,UCHTnX0CSX_KObo5I9WuZ64g,2019-03-03 19:00:01,
3,YuNi,花は幻,YuNi,False,,-VLYmY_1qx8,UCHTnX0CSX_KObo5I9WuZ64g,2019-03-10 22:58:44,
4,YuNi,Write My Voice,YuNi,False,,aAOfNwVJaKA,UCHTnX0CSX_KObo5I9WuZ64g,2019-05-13 20:09:01,
5,YuNi,shallow,レディー・ガガ,False,,aApLaFDDUJw,UCHTnX0CSX_KObo5I9WuZ64g,2019-02-10 20:22:57,
6,YuNi,雨とペトラ,バルーン須田景凪,False,,ilp0naZ1WQU,UCHTnX0CSX_KObo5I9WuZ64g,2019-02-04 19:58:29,
7,YuNi,光,宇多田ヒカル,False,,mGsAixlq7tg,UCHTnX0CSX_KObo5I9WuZ64g,2019-01-25 06:57:25,
8,YuNi,帝国少女,R Sound Design,False,,CPKLZq7RYhA,UCHTnX0CSX_KObo5I9WuZ64g,2019-01-22 20:01:29,
9,YuNi,白い雪のプリンセスは,のぼる↑,False,,PaO5P_wfRZk,UCHTnX0CSX_KObo5I9WuZ64g,2019-01-18 21:27:43,
10,YuNi,ウィーアー!,きただにひろし,False,,EgrGP8ljX8o,UCHTnX0CSX_KObo5I9WuZ64g,2019-01-03 19:00:00,
11,YuNi,Winter Berry,YuNi,False,,24SieLFldbU,UCHTnX0CSX_KObo5I9WuZ64g,2018-12-31 17:00:00,
12,YuNi,Winter Berry,YuNi,False,,vaeOnusZmrc,UCHTnX0CSX_KObo5I9WuZ64g,2018-12-29 17:00:05,
13,YuNi,Winter Berry,YuNi,False,,b9PTY7OVwhY,UCHTnX0CSX_KObo5I9WuZ64g,2018-12-25 21:11:41,
14,YuNi,赤鼻のトナカイ,Johnny Marks,False,,HcK5fb4vYbk,UCHTnX0CSX_KObo5I9WuZ64g,2018-12-23 19:00:02,
15,YuNi,クリスマスソング,back number,False,,NQ97uD3od5I,UCHTnX0CSX_KObo5I9WuZ64g,2018-12-21 20:02:00,
16,YuNi,ひなげし,いきものがかり,False,,lx_amBRRwZI,UCHTnX0CSX_KObo5I9WuZ64g,2018-12-17 19:00:03,
17,YuNi,ロキ,みきとP,True,かしこまり,mxKCX19vIZg,UCHTnX0CSX_KObo5I9WuZ64g,2018-12-14 20:57:45,
18,YuNi,ヒバナ,DECO*27,False,,uaKIi_UhsNo,UCHTnX0CSX_KObo5I9WuZ64g,2018-12-09 19:46:56,
19,YuNi,flos,R Sound Design,False,,OF5MVNyiF38,UCHTnX0CSX_KObo5I9WuZ64g,2018-12-06 19:00:01,
20,YuNi,奏,スキマスイッチ,False,,y2ZbEta0ugw,UCHTnX0CSX_KObo5I9WuZ64g,2018-11-29 20:13:58,
21,YuNi,adrenalin!!!,TrySail,False,,teNRF5U_tCQ,UCHTnX0CSX_KObo5I9WuZ64g,2018-11-23 19:00:06,
22,YuNi,DONUT HOLE,ハチ,False,,xv92LLMA3J8,UCHTnX0CSX_KObo5I9WuZ64g,2018-11-17 19:00:07,
23,YuNi,夜空ノムコウ,SMAP,False,,MwVVsS2BkkE,UCHTnX0CSX_KObo5I9WuZ64g,2018-11-13 19:02:38,
24,YuNi,pressure,MUSE,False,,Mgnecjs9B8E,UCHTnX0CSX_KObo5I9WuZ64g,2018-11-09 21:00:04,
25,YuNi,脳漿炸裂ガール,れるりり,True,天神子兎音,CYpOUcLtwT0,UCHTnX0CSX_KObo5I9WuZ64g,2018-11-03 19:00:02,
26,YuNi,Mrs.Pumpkinの滑稽な夢,ハチ,True,ときのそら,gb_jfOQd64c,UCHTnX0CSX_KObo5I9WuZ64g,2018-10-31 19:58:41,"かしこまり,響木アオ"
27,YuNi,happy halloween,Junky,True,おめがシスターズ,l71rBXM1Rgg,UCHTnX0CSX_KObo5I9WuZ64g,2018-10-30 19:00:10,
28,YuNi,透明声彩,YuNi,False,,BnH6RiFm9f4,UCHTnX0CSX_KObo5I9WuZ64g,2018-10-26 21:00:55,
29,YuNi,ultra soul,B'z,False,,jRfTfVeZavs,UCHTnX0CSX_KObo5I9WuZ64g,2018-10-12 19:00:09,
30,YuNi,ロビンソン,スピッツ,False,,3lg9Y3uyRqQ,UCHTnX0CSX_KObo5I9WuZ64g,2018-10-09 19:00:00,
31,YuNi,ヴォイス,ポルノグラフィティ,False,,regESypj-2w,UCHTnX0CSX_KObo5I9WuZ64g,2018-10-06 19:00:08,
32,YuNi,まちぶせ,石川ひとみ,False,,HgpLzXrE_XA,UCHTnX0CSX_KObo5I9WuZ64g,2018-10-03 19:00:02,
33,YuNi,Tell Your World,KZ,False,,sLMDss_VV4E,UCHTnX0CSX_KObo5I9WuZ64g,2018-09-27 22:03:38,
34,YuNi,さよならエレジー,菅田将暉,False,,VpYIJ76Gs6k,UCHTnX0CSX_KObo5I9WuZ64g,2018-09-22 19:00:07,
35,YuNi,LOSER,米津玄師,False,,_MsMoRpvJD0,UCHTnX0CSX_KObo5I9WuZ64g,2018-09-19 22:43:41,
36,YuNi,春夏秋冬,sumika,False,,aQnFn7013uQ,UCHTnX0CSX_KObo5I9WuZ64g,2018-09-17 16:45:13,
37,YuNi,アスノヨゾラ哨戒班,orangestar,False,,oP4bzAOmFos,UCHTnX0CSX_KObo5I9WuZ64g,2018-09-14 19:00:11,
38,YuNi,irony,ClariS,False,,QVFuiqWjXMk,UCHTnX0CSX_KObo5I9WuZ64g,2018-09-10 19:50:14,
39,YuNi,ブリキノダンス,日向電工,False,,vKcOfhAAgeg,UCHTnX0CSX_KObo5I9WuZ64g,2018-09-07 21:20:35,
40,YuNi,恋愛裁判,40mP,False,,zqMWChfzTkI,UCHTnX0CSX_KObo5I9WuZ64g,2018-09-04 21:38:30,
41,YuNi,妄想感傷代償連盟,DECO*27,False,,jlcXiaiG2IY,UCHTnX0CSX_KObo5I9WuZ64g,2018-09-01 20:10:01,
42,YuNi,残酷な天使のテーゼ,高橋洋子,False,,-Sp2pM-whLw,UCHTnX0CSX_KObo5I9WuZ64g,2018-08-29 21:57:55,
43,YuNi,ラプンツェル,ヨルシカ,False,,vE3GNxYFawc,UCHTnX0CSX_KObo5I9WuZ64g,2018-08-23 21:29:52,
44,YuNi,からくりピエロ,40mP,True,響木アオ,FCRRxX5PoX4,UCHTnX0CSX_KObo5I9WuZ64g,2018-08-21 19:00:03,
45,YuNi,シャングリラ,チャットモンチー,False,,E87JNpw_prI,UCHTnX0CSX_KObo5I9WuZ64g,2018-08-17 19:46:52,
46,YuNi,命に嫌われている,カンザキイオリ,False,,85LtMbcugjI,UCHTnX0CSX_KObo5I9WuZ64g,2018-08-14 19:00:03,
47,YuNi,WHITE BREATH,T.M.Revolution,False,,n7LNDJFHukw,UCHTnX0CSX_KObo5I9WuZ64g,2018-08-11 19:00:08,
48,YuNi,lemon,米津玄師,False,,NIOIRrLpYJU,UCHTnX0CSX_KObo5I9WuZ64g,2018-08-08 20:00:02,
49,YuNi,タッチ,岩崎良美,False,,EAhwdJpODsM,UCHTnX0CSX_KObo5I9WuZ64g,2018-08-05 18:00:01,
50,YuNi,太陽曰く燃えよカオス,這いよれ！ニャル子さん,False,,6TcYk_qGshM,UCHTnX0CSX_KObo5I9WuZ64g,2018-08-03 19:00:01,
51,YuNi,crossing field,LiSA,False,,DGJAG7JH8Go,UCHTnX0CSX_KObo5I9WuZ64g,2018-07-31 22:16:59,
52,YuNi,ペガサス幻想,聖闘士星矢,True,小山内めい,cyl1ZaRun3E,UCHTnX0CSX_KObo5I9WuZ64g,2018-07-26 21:12:34,
53,YuNi,夏祭り,JITTERIN'JINN,False,,Q6h-qj3PncI,UCHTnX0CSX_KObo5I9WuZ64g,2018-07-25 20:32:36,
54,YuNi,おねがいダーリン,ナナホシ管弦楽団,False,,uHT5tGjRbfg,UCHTnX0CSX_KObo5I9WuZ64g,2018-07-22 20:50:53,
55,YuNi,secret base~君がくれたもの~,ZONE,False,,BjgmNg37WvU,UCHTnX0CSX_KObo5I9WuZ64g,2018-07-19 20:00:36,
56,YuNi,打上花火,米津玄師,False,,TTJozNXj02g,UCHTnX0CSX_KObo5I9WuZ64g,2018-07-16 21:11:22,
57,YuNi,名前のない怪物,EGOIST,False,,YRLVzP4ud_4,UCHTnX0CSX_KObo5I9WuZ64g,2018-07-13 23:20:18,
58,YuNi,ハロ／ハワユ,ナノウ,False,,AgjgTQLddY0,UCHTnX0CSX_KObo5I9WuZ64g,2018-07-10 20:00:01,
59,YuNi,ラムのラブソング,うる星やつら,False,,pK9IxSy9yXQ,UCHTnX0CSX_KObo5I9WuZ64g,2018-07-07 20:30:01,
60,YuNi,異邦人,久保田早紀,False,,xb5ECqfmBVI,UCHTnX0CSX_KObo5I9WuZ64g,2018-07-05 20:01:21,
61,YuNi,スーサイドパレヱド,ユリイ・カノン ,False,,ScBOvBW1KWA,UCHTnX0CSX_KObo5I9WuZ64g,2018-07-03 21:51:01,
62,YuNi,シャルル,バルーン,False,,LjkDJHk2KrE,UCHTnX0CSX_KObo5I9WuZ64g,2018-07-01 16:00:04,
63,YuNi,砂の惑星,ハチ,False,,OdtLcNpsmwc,UCHTnX0CSX_KObo5I9WuZ64g,2018-06-29 20:25:57,
64,YuNi,星間飛行,ランカ・リー,False,,McRFlW3gV1M,UCHTnX0CSX_KObo5I9WuZ64g,2018-06-26 19:00:06,
65,YuNi,violet snow,violet evergarden,False,,Wn_DHMnQopI,UCHTnX0CSX_KObo5I9WuZ64g,2018-06-24 16:07:45,
66,YuNi,エイリアンエイリアン,ナユタン星人,False,,BxgZRlx_pDE,UCHTnX0CSX_KObo5I9WuZ64g,2018-06-22 19:00:01,
67,YuNi,sweets parade,髏々宮カルタ,False,,5bNokEpIYNQ,UCHTnX0CSX_KObo5I9WuZ64g,2018-06-20 23:00:56,
68,ときのそら,愛言葉Ⅲ,DECO*27,False,,pMFOJWPC0cA,UCp6993wxpyDPHUpavwDFqgg,2019-07-01 19:00:11,
69,ときのそら,ヒバナ,DECO*27,False,,QxBt0Z2MhZQ,UCp6993wxpyDPHUpavwDFqgg,2019-06-18 19:00:06,
70,ときのそら,地球最後の告白を,kemu,False,,stXcuwe1rrk,UCp6993wxpyDPHUpavwDFqgg,2019-05-20 19:00:10,
71,ときのそら,無限にホメてくれる桜乃そら先生,GYARI,True,ヨメミ,fmjkLJYmP4Y,UCp6993wxpyDPHUpavwDFqgg,2019-05-10 19:30:05,
72,ときのそら,ダンスロボットダンス,ナユタン星人,False,,RBIypzmpB9Q,UCp6993wxpyDPHUpavwDFqgg,2019-03-25 19:00:05,
73,ときのそら,ドーナツホール,ハチ,True,アメノセイ,bcwApgI4fXo,UCKgndddKiQGIn0-T8jHzndg,2019-03-17 19:00:07,
74,ときのそら,もってけ！セーラーふく,らき☆すた,True,Alt!!,zGT2mkZVtbI,UCp6993wxpyDPHUpavwDFqgg,2019-03-16 20:00:14,
75,ときのそら,Dream☆Story,ときのそら,False,,rbd-m8r5Ujs,UCp6993wxpyDPHUpavwDFqgg,2019-01-08 19:00:07,
76,ときのそら,エイリアンエイリアン,ナユタン星人,False,,NT6Pf28eCgQ,UCp6993wxpyDPHUpavwDFqgg,2019-01-02 19:00:02,
77,ときのそら,海より深い空の下,ときのそら,False,,nP5mhWX2i0Q,UCp6993wxpyDPHUpavwDFqgg,2018-12-18 19:00:05,
78,ときのそら,そんな雨の日には,ときのそら,False,,MjkDaUwPzkU,UCp6993wxpyDPHUpavwDFqgg,2018-12-12 19:00:01,
79,ときのそら,wanderingdays,ときのそら,False,,Z9oZ4r0cxME,UCp6993wxpyDPHUpavwDFqgg,2018-11-12 19:00:03,
80,ときのそら,未練レコード,ときのそら,False,,yVxmv4oqPzs,UCp6993wxpyDPHUpavwDFqgg,2018-10-04 21:00:10,
81,ときのそら,"rain stops, good-bye",におP,False,,FrdLDOeMoyg,UCp6993wxpyDPHUpavwDFqgg,2018-09-30 19:00:03,
82,ときのそら,海を泳ぐ月,40mP,False,,RKigW0TteZY,UCp6993wxpyDPHUpavwDFqgg,2018-09-03 19:00:08,
83,ときのそら,サンドリヨン,シグナルP,True,バーチャルゴリラ,zsBD66Sa5Yg,UCp6993wxpyDPHUpavwDFqgg,2018-08-14 19:00:35,
84,ときのそら,メランコリック,Junky,False,,zcU6WIaT9DA,UCp6993wxpyDPHUpavwDFqgg,2018-08-06 19:00:13,
85,ときのそら,magnet,流星P,True,アズマリム,Ec3DZ5xaWuA,UCp6993wxpyDPHUpavwDFqgg,2018-07-31 19:00:05,
86,ときのそら,太陽系デスコ,ナユタン星人,False,,wHw3jSvZxNI,UCp6993wxpyDPHUpavwDFqgg,2018-07-28 19:01:18,
87,ときのそら,そらともどうぶつようちえん,nozakita kazumi,False,,D7qezulISyU,UCp6993wxpyDPHUpavwDFqgg,2018-07-17 19:54:18,
88,ときのそら,おかえり,瀬名航,False,,owwXwGXUm0g,UCp6993wxpyDPHUpavwDFqgg,2018-07-08 19:00:03,
89,ときのそら,Snow halation,μ’ｓ,False,,xDE3MSAK_DY,UCp6993wxpyDPHUpavwDFqgg,2018-06-08 21:05:57,
90,ときのそら,あの日見た空,山田アルテミス,False,,Pgmleabc1nQ,UCp6993wxpyDPHUpavwDFqgg,2018-06-01 20:06:32,
91,ときのそら,わたしとあなたと皆さまと！,逆襲の明智,False,,pKASI4dEG3A,UCp6993wxpyDPHUpavwDFqgg,2018-05-15 20:00:41,
92,ときのそら,夢色アスタリスク,ていくる,False,,kTV6uSmiXEw,UCp6993wxpyDPHUpavwDFqgg,2018-01-29 20:00:05,
93,ときのそら,木の芽時の空 ,路地裏ロジック,False,,BvlCYJ1XZ3Y,UCp6993wxpyDPHUpavwDFqgg,2018-01-19 19:00:47,
94,ロボ子さん,おねがいダーリン,ナナホシ管弦楽団,False,,RJwpJIe5FmY,UCDqI2jOz0weumE8s7paEk6g,2018-12-24 22:12:48,
95,ロボ子さん,一心不乱,梅とら,True,樋口楓,qge-EvTOzsk,UCDqI2jOz0weumE8s7paEk6g,2019-05-05 18:58:18,
96,ロボ子さん,HAPPY BIRTHDAY,back number,False,,_txtx7llu50,UCDqI2jOz0weumE8s7paEk6g,2019-05-23 19:58:46,
97,ロボ子さん,BOYS & GIRLS 3.0,キツネDJ,True,キツネDJ,Wo0LOk4R5Oc,UCRULMVtTfuMRRBAzfaqYwdA,2019-04-28 18:12:46,
98,ロボ子さん,FICTION,キツネDJ,False,,UXuMSLOUhgs,UCDqI2jOz0weumE8s7paEk6g,2019-04-28 17:57:46,
99,ロボ子さん,メルティランドナイトメア,はるまきごはん,False,,Klsca1OcwH8,UCDqI2jOz0weumE8s7paEk6g,2018-11-10 17:58:18,
100,ロボ子さん,あっかんべーだ,瀬名航,False,,e_EqIA6ZWqs,UCDqI2jOz0weumE8s7paEk6g,2018-05-03 18:00:03,
101,ロボ子さん,PLATONIC GIR,みきとP,True,樋口楓,_cUTVL2Nj6o,UCDqI2jOz0weumE8s7paEk6g,2018-10-08 19:00:03,
102,天神子兎音,だから僕は音楽を辞めた,ヨルシカ,False,,dkWh74qgf8U,UCAr7rLi_Wn09G-XfTA07d4g,2019-07-05 21:00:04,
103,天神子兎音,All Alone With You,EGOIST,False,,4oP2XkmXdsE,UCAr7rLi_Wn09G-XfTA07d4g,2019-06-28 21:00:00,
104,天神子兎音,ヒビカセ,ギガP,False,,m5wMhbjCdmc,UCAr7rLi_Wn09G-XfTA07d4g,2019-06-21 21:00:06,
105,天神子兎音,六兆年と一夜の物語,kemu,False,,ppviITDUY6U,UCAr7rLi_Wn09G-XfTA07d4g,2019-06-15 23:00:11,
106,天神子兎音,Butter-Fly,デジモンアドベンチャー,True,Maya Putri,qsMXlPX7LT4,UCAr7rLi_Wn09G-XfTA07d4g,2019-05-29 19:00:14,
107,天神子兎音,DAYBREAK FRONTLINE,Orangestar,False,,B_eTv-9jB9U,UCAr7rLi_Wn09G-XfTA07d4g,2019-05-10 21:00:02,
108,天神子兎音,アスノヨゾラ哨戒班,Orangestar,False,,kVMrmU4eZU8,UCAr7rLi_Wn09G-XfTA07d4g,2019-04-26 21:00:17,
109,天神子兎音,ブリキノダンス,日向電工,False,,iT0KFo5VD2s,UCAr7rLi_Wn09G-XfTA07d4g,2019-04-19 21:00:06,
110,天神子兎音,ヒバナ,DECO*27,False,,H-PibUs-W7k,UCAr7rLi_Wn09G-XfTA07d4g,2019-04-06 21:00:03,
111,天神子兎音,This game,鈴木このみ,False,,aj1yNOS7LvM,UCAr7rLi_Wn09G-XfTA07d4g,2019-03-29 21:00:01,
112,天神子兎音,乙女解剖,DECO*27,False,,j5AoE0m7_ZE,UCAr7rLi_Wn09G-XfTA07d4g,2019-03-23 21:00:11,
113,天神子兎音,さよならメモリーズ,supercell,False,,Cs5GieimxBs,UCAr7rLi_Wn09G-XfTA07d4g,2019-03-16 21:00:01,
114,天神子兎音,アンデッドエネミー,ギガP,False,,ckU1zTua0G8,UCAr7rLi_Wn09G-XfTA07d4g,2019-02-15 21:00:06,
115,天神子兎音,不協和音,欅坂46,False,,rEiCTfOcCZs,UCAr7rLi_Wn09G-XfTA07d4g,2019-03-08 21:00:06,
116,天神子兎音,サイレントマジョリティ ー,欅坂46,False,,My-1Qfn-I44,UCAr7rLi_Wn09G-XfTA07d4g,2019-02-08 21:01:42,
117,天神子兎音,終わりへ向かう始まりの歌,supercell,False,,496Y52OT1_g,UCAr7rLi_Wn09G-XfTA07d4g,2019-02-01 21:00:00,
118,天神子兎音,天ノ弱,164,False,,apoSRXjAdq8,UCAr7rLi_Wn09G-XfTA07d4g,2019-01-25 21:00:02,
119,天神子兎音,打上花火,米津玄師,True,樋口楓,n0da64FMiDM,UCAr7rLi_Wn09G-XfTA07d4g,2019-01-14 21:00:08,
120,天神子兎音,ビバハピ,Mitchie M,True,響木アオ,1NkouNWZ4so,UCAr7rLi_Wn09G-XfTA07d4g,2019-01-11 20:58:16,
121,樋口楓,seventh haven,Tokyo 7th シスターズ,True,天神子兎音,N8K73cMLbAg,UCsg-YqdqQ-KFF0LNk23BY4A,2018-12-31 23:58:18,
122,天神子兎音,そこに空があるから,ポケットモンスター,False,,y0ASPri61Y4,UCAr7rLi_Wn09G-XfTA07d4g,2018-12-21 21:00:10,
123,天神子兎音,初めての恋が終わる時,ryo,False,,6VEw5zVsjlQ,UCAr7rLi_Wn09G-XfTA07d4g,2018-12-14 21:00:00,
124,天神子兎音,敗北の少年,kemu,False,,QAQLbMLI_rM,UCAr7rLi_Wn09G-XfTA07d4g,2018-12-07 21:00:06,
125,天神子兎音,only my railgun,fripSide,False,,7l2Wp_LB9ts,UCAr7rLi_Wn09G-XfTA07d4g,2018-11-30 21:00:01,
126,天神子兎音,ゴーストルール,DECO*27,False,,QOmCr33TkBs,UCAr7rLi_Wn09G-XfTA07d4g,2018-11-16 21:00:03,
127,天神子兎音,クノイチでも恋がしたい,みきとP,False,,r6-gB_ypjsM,UCAr7rLi_Wn09G-XfTA07d4g,2018-11-09 19:00:04,
128,天神子兎音,God Knows...,涼宮ハルヒの憂鬱,False,,qKmBRuHyOdE,UCAr7rLi_Wn09G-XfTA07d4g,2018-10-27 22:00:07,
129,天神子兎音,エイリアンエイリアン,ナユタン星人,False,,WMLT4pxwWM0,UCAr7rLi_Wn09G-XfTA07d4g,2018-10-13 20:00:16,
130,天神子兎音,東京テディベア,Neru,False,,J9ZT1Y3mcKw,UCAr7rLi_Wn09G-XfTA07d4g,2018-10-05 21:00:01,
131,天神子兎音,チュルリラ・チュルリラ・ダッダッダ！,和田たけあき,False,,8SIDO8pWAlI,UCAr7rLi_Wn09G-XfTA07d4g,2018-09-28 21:00:03,
132,天神子兎音,いかないで,想太,False,,Yj6aOAJ6l1Y,UCAr7rLi_Wn09G-XfTA07d4g,2018-09-21 21:00:04,
133,天神子兎音,またあした,ふわりP,False,,wp9DGNwD7Hs,UCAr7rLi_Wn09G-XfTA07d4g,2018-09-14 21:00:10,
134,天神子兎音,1925,とみー,False,,KRq6k_eo1wo,UCAr7rLi_Wn09G-XfTA07d4g,2018-09-07 21:00:03,
135,天神子兎音,ロキ,みきとP,False,,4knjZf6neh4,UCAr7rLi_Wn09G-XfTA07d4g,2018-08-31 21:00:01,
136,天神子兎音,calc.,ジミーサムP,False,,ZgKDt3zvf9Q,UCAr7rLi_Wn09G-XfTA07d4g,2018-08-17 21:00:07,
137,天神子兎音,メルト,ryo,False,,TpNNEAnJHrE,UCAr7rLi_Wn09G-XfTA07d4g,2018-08-10 21:00:05,
138,天神子兎音,シャルル,バルーン,False,,7SNFxThH1Bc,UCAr7rLi_Wn09G-XfTA07d4g,2018-08-03 21:00:00,
139,天神子兎音,フーアーユーなんて言わないで,天神子兎音,False,,lB0TkRmEXQA,UCAr7rLi_Wn09G-XfTA07d4g,2018-07-27 12:00:04,
140,天神子兎音,千本桜,黒うさP,False,,hvFlaniw3rw,UCAr7rLi_Wn09G-XfTA07d4g,2018-05-11 20:45:00,
141,キズナアイ,AIAIAI,キズナアイ,False,,S8dmq5YIUoc,UC4YaOt1yT-ZeyB0OmxHgolA,2019-03-29 18:58:15,
142,キズナアイ,mirai,キズナアイ,False,,HRCqXIBFRhU,UC4YaOt1yT-ZeyB0OmxHgolA,2018-12-21 18:57:44,
143,キズナアイ,meet you,キズナアイ,False,,w3nSFJ4MQ7M,UC4YaOt1yT-ZeyB0OmxHgolA,2018-12-14 18:58:19,
144,キズナアイ,hello alone,キズナアイ,False,,NJGPF7t368E,UC4YaOt1yT-ZeyB0OmxHgolA,2018-12-07 18:58:34,
145,キズナアイ,melty world,キズナアイ,False,,X-6foRGSjPg,UC4YaOt1yT-ZeyB0OmxHgolA,2018-11-30 18:58:15,
146,キズナアイ,Hello Morning,キズナアイ,False,,LyJ5vCAYZXQ,UC4YaOt1yT-ZeyB0OmxHgolA,2018-11-23 18:58:19,
147,キズナアイ,miracle step,キズナアイ,False,,eolXxm37-8Y,UC4YaOt1yT-ZeyB0OmxHgolA,2018-11-16 18:58:31,
148,キズナアイ,over the reality,キズナアイ,False,,OIdlW0u3ZXc,UC4YaOt1yT-ZeyB0OmxHgolA,2018-11-09 18:58:33,
149,キズナアイ,new world,キズナアイ,False,,Q_dnENXIcPg,UC4YaOt1yT-ZeyB0OmxHgolA,2018-11-02 18:58:20,
150,キズナアイ,future base,キズナアイ,False,,yeD7eAuza74,UC4YaOt1yT-ZeyB0OmxHgolA,2018-10-26 18:58:30,
151,キズナアイ,Hello Morning,キズナアイ,False,,4byaJ9w47uU,UC4YaOt1yT-ZeyB0OmxHgolA,2018-07-15 19:00:19,
152,輝夜月,Dance With Cinderella !,輝夜月,False,,Fw--zRltlyE,UCQYADFw7xEJ9oZSM5ZbqyBw,2019-06-26 00:00:02,
153,輝夜月,NEW ERA,輝夜月,False,,yiVGudcnsAg,UCQYADFw7xEJ9oZSM5ZbqyBw,2019-05-10 18:00:25,
154,ミライアカリ,時空の蜃気楼,ミライアカリ,False,,BkIvqlw_0lw,UCMYtONm441rBogWK_xPH9HA,2019-06-07 23:00:02,
155,ミライアカリ,Яebel,ミライアカリ,False,,jLsySEaqhT8,UCMYtONm441rBogWK_xPH9HA,2019-03-20 20:58:19,
156,ミライアカリ,ミライトミライ,ナユタン星人,False,,ZbYn9J_cuW8,UCMYtONm441rBogWK_xPH9HA,2019-01-01 19:00:02,ナユタン星人
157,ミライアカリ,アクセル,ミライアカリ,False,,7StwGkAKDEA,UCMYtONm441rBogWK_xPH9HA,2018-12-31 23:27:17,
158,ミライアカリ,地球最後の告白を,kemu,False,,m4EeCwS62kU,UCMYtONm441rBogWK_xPH9HA,2018-12-24 19:00:06,
159,ミライアカリ,虎視眈々,梅とら,False,,gW-m3zwioGI,UCMYtONm441rBogWK_xPH9HA,2018-10-26 19:00:08,
160,ミライアカリ,アカリがやってきたぞ,ミライアカリ,False,,HSoQm_SBcMU,UCMYtONm441rBogWK_xPH9HA,2018-10-17 19:00:02,GYARI
161,ミライアカリ,ブリキノダンス,日向電工,False,,tvJRBvBiZhE,UCMYtONm441rBogWK_xPH9HA,2018-10-09 19:00:09,
162,ミライアカリ,ロキ,みきとP,False,,f_3t9AhqnUw,UCMYtONm441rBogWK_xPH9HA,2018-09-19 19:00:16,
163,ミライアカリ,恋愛サーキュレーション,千石撫子,False,,FbnukT09n4c,UCMYtONm441rBogWK_xPH9HA,2018-07-19 19:00:02,
164,ミライアカリ,ECHO,Crusher-P,False,,xxUikIXYGdw,UCMYtONm441rBogWK_xPH9HA,2018-05-15 19:00:09,
165,かしこまり,まちがいさがし,菅田将暉,False,,8mzM4n1KQQw,UCfiK42sBHraMBK6eNWtsy7A,2019-07-05 19:00:01,
166,かしこまり,パンダヒーロー,ハチ,False,,PSsEhC0oonY,UCfiK42sBHraMBK6eNWtsy7A,2019-06-28 19:00:04,
167,かしこまり,カサブタ,千綿ヒデノリ,False,,b15sbo-tO3E,UCfiK42sBHraMBK6eNWtsy7A,2019-06-21 19:00:12,
168,かしこまり,新宝島,サカナクション,False,,_NvIA1PQY50,UCfiK42sBHraMBK6eNWtsy7A,2019-06-14 19:01:01,
169,かしこまり,秒針を噛む,ずっと真夜中でいいのに。,False,,d-gvteAktmk,UCfiK42sBHraMBK6eNWtsy7A,2019-06-07 19:00:06,
170,かしこまり,ヒッチコック,ヨルシカ,False,,WLHRY7kW4eg,UCfiK42sBHraMBK6eNWtsy7A,2019-05-31 19:00:05,
171,かしこまり,エイリアンエイリアン,ナユタン星人,False,,NzQtzpQaWWY,UCfiK42sBHraMBK6eNWtsy7A,2019-05-17 19:00:04,
172,かしこまり,蝶々結び,Aimer,False,,eR5EgAlzXkE,UCfiK42sBHraMBK6eNWtsy7A,2019-05-07 19:00:13,
173,かしこまり,エイプリル,mol-74,False,,roYkpOCShjk,UCfiK42sBHraMBK6eNWtsy7A,2019-04-26 19:00:12,
174,かしこまり,透明声彩,YuNi,False,,cv-Au9iz76s,UCfiK42sBHraMBK6eNWtsy7A,2019-04-23 19:00:07,
175,かしこまり,マリーゴールド,あいみょん,False,,BgE_cbKjiCo,UCfiK42sBHraMBK6eNWtsy7A,2019-04-19 20:33:14,
176,かしこまり,ドラマツルギー,Eve,False,,uOG-damuilg,UCfiK42sBHraMBK6eNWtsy7A,2019-04-12 19:00:29,
177,かしこまり,チカっとチカ千花っ♡,かぐや様は告らせたい,False,,S_mFPSQ8s2Q,UCfiK42sBHraMBK6eNWtsy7A,2019-03-30 19:00:04,
178,かしこまり,カカカタ☆カタオモイ-C,ヒャダイン,True,YuNi,O1qCN4UEZqU,UCfiK42sBHraMBK6eNWtsy7A,2019-02-01 20:00:34,
179,かしこまり,クリスマスソング,back number,False,,l-RLPc55zb4,UCfiK42sBHraMBK6eNWtsy7A,2018-12-25 09:30:45,
180,かしこまり,ヒロイン,back number,False,,19nG-IhWY6Q,UCfiK42sBHraMBK6eNWtsy7A,2018-12-02 18:58:36,
181,かしこまり,めざせポケモンマスター,ポケットモンスター,False,,f4P9USTBXis,UCfiK42sBHraMBK6eNWtsy7A,2018-11-18 18:58:21,
182,かしこまり,ワールドイズマイン,ryo,False,,jTT9bwuUMfM,UCfiK42sBHraMBK6eNWtsy7A,2018-11-04 19:28:28,
183,かしこまり,若者のすべて,フジファブリック,False,,CbCil5dUAY8,UCfiK42sBHraMBK6eNWtsy7A,2018-10-02 23:37:13,
184,かしこまり,I WANT YOU BACK,TWICE,True,響木アオ,rlLlwMBEoDk,UCfiK42sBHraMBK6eNWtsy7A,2018-09-20 19:01:34,
185,かしこまり,Lemon,米津玄師,False,,VXAMuERH0Gg,UCfiK42sBHraMBK6eNWtsy7A,2018-09-15 23:04:39,
186,かしこまり,夜咄ディセイブ,自然の敵P,True,樋口楓,vcU_AUayrio,UCfiK42sBHraMBK6eNWtsy7A,2018-08-30 19:00:22,
187,かしこまり,打上花火,米津玄師,False,,Rz9aLowL5ck,UCfiK42sBHraMBK6eNWtsy7A,2018-08-24 22:39:29,
188,かしこまり,シュガーソングとビターステップ,UNISON SQUARE GARDEN,False,,GRh8XiHnXpw,UCfiK42sBHraMBK6eNWtsy7A,2018-08-13 21:00:32,
189,かしこまり,HANABI,Mr.Children,False,,_PElpN136WU,UCfiK42sBHraMBK6eNWtsy7A,2018-08-04 22:50:03,
190,かしこまり,いけないボーダーライン,ワルキューレ,True,おめがシスターズ,uB8aRwh8fZY,UCfiK42sBHraMBK6eNWtsy7A,2018-07-27 21:14:06,
191,かしこまり,God Knows...,涼宮ハルヒの憂鬱,False,,JkBg88ot3sU,UCfiK42sBHraMBK6eNWtsy7A,2018-07-23 22:14:20,
192,かしこまり,天体観測,BUMP OF CHICKEN,False,,P7xs61SZytw,UCfiK42sBHraMBK6eNWtsy7A,2018-07-16 02:00:26,
193,かしこまり,タマシイレボリューション,Superfly,False,,Hbvh3A-MEao,UCfiK42sBHraMBK6eNWtsy7A,2018-07-01 19:06:39,
194,かしこまり,ひまわりの約束,秦基博,False,,zChKL_uQv58,UCfiK42sBHraMBK6eNWtsy7A,2018-06-23 21:00:32,
195,かしこまり,コネクト,ClariS,False,,AQCL88Upry4,UCfiK42sBHraMBK6eNWtsy7A,2018-06-17 21:09:32,
196,かしこまり,君の知らない物語,supercell,False,,Xkyy4gSVma8,UCfiK42sBHraMBK6eNWtsy7A,2018-05-17 19:00:05,
197,かしこまり,ギリギリchop,B’z,False,,s9HSfrSsIGI,UCfiK42sBHraMBK6eNWtsy7A,2018-04-20 23:00:12,
198,かしこまり,渡月橋,倉木麻衣,False,,UJORIzfM0sM,UCfiK42sBHraMBK6eNWtsy7A,2018-04-20 20:01:51,
199,かしこまり,そばかす,JUDY AND MARY,False,,h6Ouxk7Pi30,UCfiK42sBHraMBK6eNWtsy7A,2018-04-06 23:26:42,
200,かしこまり,1/3の純情な感情,SIAM SHADE,False,,2fuldLfhZd8,UCfiK42sBHraMBK6eNWtsy7A,2018-03-30 23:07:45,
201,かしこまり,やさしさに包まれたなら,荒井由実,False,,cOtT55-SH4k,UCfiK42sBHraMBK6eNWtsy7A,2018-03-27 21:18:51,
202,かしこまり,YOUTHFUL,99RadioService,False,,hwrQxVIkPMs,UCfiK42sBHraMBK6eNWtsy7A,2018-03-17 00:02:06,
203,かしこまり,星間飛行,ランカ・リー,False,,pkL5Lvu1kWM,UCfiK42sBHraMBK6eNWtsy7A,2018-03-04 22:53:06,
204,かしこまり,カタオモイ,Aimer,False,,GyF85OjYhuQ,UCfiK42sBHraMBK6eNWtsy7A,2018-02-22 19:31:08,
205,かしこまり,サイレントマジョリティー,欅坂46,False,,91wjDz4z5Sw,UCfiK42sBHraMBK6eNWtsy7A,2018-02-17 23:35:00,
206,かしこまり,メルト,ryo,False,,wRmYHK14yyI,UCfiK42sBHraMBK6eNWtsy7A,2018-02-14 16:42:05,
207,花譜,ハミングがきこえる,カヒミカリィ,False,,XeUbgKxopEw,UCQ1U65-CQdIoZ2_NA4Z4F7A,2019-07-10 18:00:13,
208,花譜,夜が降り止む前に,花譜,False,,dledRqPTNT8,UCQ1U65-CQdIoZ2_NA4Z4F7A,2019-06-28 21:58:18,
209,花譜,bin,猫アレルギー,False,,1kzZtRpoBGY,UCQ1U65-CQdIoZ2_NA4Z4F7A,2019-06-12 18:03:17,
210,花譜,過去を喰らう,花譜,False,,tMKrECxEpq8,UCQ1U65-CQdIoZ2_NA4Z4F7A,2019-06-05 21:58:48,
211,花譜,白ゆき,ナブナ,False,,w0a-sGEsmBc,UCQ1U65-CQdIoZ2_NA4Z4F7A,2019-05-22 18:00:59,
212,花譜,少女レイ,みきとP,False,,UqmEmohjbOE,UCQ1U65-CQdIoZ2_NA4Z4F7A,2019-04-25 19:23:57,
213,花譜,アストロノーツ,ぽわぽわP,False,,SbqrpHDEeUA,UCQ1U65-CQdIoZ2_NA4Z4F7A,2019-04-08 18:23:43,
214,花譜,シンクロサイクロトロン・スピリチュアライザー。,砂粒,False,,miNyynR8cNY,UCQ1U65-CQdIoZ2_NA4Z4F7A,2019-03-29 18:00:25,
215,花譜,雛鳥,花譜,False,,M1RIUrgJqWw,UCQ1U65-CQdIoZ2_NA4Z4F7A,2019-03-22 21:57:45,
216,花譜,忘れてしまえ,花譜,False,,2Nj1l-S2FJU,UCQ1U65-CQdIoZ2_NA4Z4F7A,2019-01-31 19:57:41,
217,花譜,フラジール,ぬゆり,False,,5NMSH6piKZU,UCQ1U65-CQdIoZ2_NA4Z4F7A,2019-01-25 18:00:13,
218,花譜,凍えそうだ,guiano,False,,KM8Jh3D3hgA,UCQ1U65-CQdIoZ2_NA4Z4F7A,2019-01-18 18:00:09,
219,花譜,五月雨,崎山蒼志,False,,R1Gph3qEijw,UCQ1U65-CQdIoZ2_NA4Z4F7A,2019-01-14 20:03:28,
220,花譜,魔女,花譜,False,,AqwFHfsAlx0,UCQ1U65-CQdIoZ2_NA4Z4F7A,2019-01-09 18:30:13,
221,花譜,想像フォレスト,じん,False,,sHlNoBD_rj4,UCQ1U65-CQdIoZ2_NA4Z4F7A,2019-01-04 18:00:07,
222,花譜,打上花火,米津玄師,False,,R0BHfKV9ioI,UCQ1U65-CQdIoZ2_NA4Z4F7A,2018-12-21 18:03:04,
223,花譜,Lemon,米津玄師,False,,SNapiB5_dx0,UCQ1U65-CQdIoZ2_NA4Z4F7A,2018-12-17 18:07:38,
224,花譜,糸,花譜,False,,3Wtx6k2vInU,UCQ1U65-CQdIoZ2_NA4Z4F7A,2018-12-06 20:58:25,
225,花譜,回る空うさぎ,Orangestar,False,,i30TA3V527A,UCQ1U65-CQdIoZ2_NA4Z4F7A,2018-11-26 18:43:42,
226,花譜,死んでしまったのだろうか,GUIANO,False,,3j0znl2cYAs,UCQ1U65-CQdIoZ2_NA4Z4F7A,2018-11-19 18:27:47,
227,花譜,またねがあれば,ちんまりP,False,,6pEDTxHm-Ek,UCQ1U65-CQdIoZ2_NA4Z4F7A,2018-11-12 20:12:45,
228,花譜,さよならミッドナイト,もじゃ,False,,y4sHBySTCzk,UCQ1U65-CQdIoZ2_NA4Z4F7A,2018-11-05 19:02:45,
229,花譜,猛独が襲う,一二三,False,,jpwy7kP8Pps,UCQ1U65-CQdIoZ2_NA4Z4F7A,2018-10-31 21:34:33,
230,道明寺ここあ,Rising Hope,LiSA,False,,4ns7aPLDP70,UCCebk1_w5oiMUTRxdNJq0sA,2018-08-02 11:57:55,
231,道明寺ここあ,unravel,TK from 凛として時雨,False,,cwjjS6MfIkw,UCCebk1_w5oiMUTRxdNJq0sA,2018-08-11 21:51:16,
232,道明寺ここあ,メルト,ryo,False,,yWxuBzb83DY,UCCebk1_w5oiMUTRxdNJq0sA,2018-08-30 19:02:01,
233,道明寺ここあ,シャルル,バルーン,False,,hAYfIIGIMCc,UCCebk1_w5oiMUTRxdNJq0sA,2018-09-03 20:00:10,
234,道明寺ここあ,サンビカ,藍井エイル,False,,GOZAo6xmb5w,UCCebk1_w5oiMUTRxdNJq0sA,2018-09-17 21:01:14,
235,道明寺ここあ,ピースサイン,米津玄師,False,,l5FOt1OAfOc,UCCebk1_w5oiMUTRxdNJq0sA,2018-10-27 19:00:05,
236,道明寺ここあ,Wherever you are,ONE OK ROCK,False,,xSUgfiyQf0M,UCCebk1_w5oiMUTRxdNJq0sA,2018-11-08 20:51:42,
237,道明寺ここあ,Mighty Long Fall,ONE OK ROCK,False,,iWPBZi8RcqI,UCCebk1_w5oiMUTRxdNJq0sA,2018-12-01 19:30:03,
238,道明寺ここあ,おちゃめ機能,ラマーズP,False,,mjwbAgu7CWU,UCCebk1_w5oiMUTRxdNJq0sA,2018-12-05 18:58:15,
239,道明寺ここあ,砂の惑星,ハチ,False,,iqndwWqlfR8,UCCebk1_w5oiMUTRxdNJq0sA,2018-12-12 19:00:05,
240,道明寺ここあ,君の知らない物語,supercell,False,,nlP1OnR8S8k,UCCebk1_w5oiMUTRxdNJq0sA,2018-12-25 19:00:07,
241,道明寺ここあ,命に嫌われている。,カンザキイオリ,False,,9_IKgqsnfco,UCCebk1_w5oiMUTRxdNJq0sA,2018-12-30 20:30:01,
242,道明寺ここあ,愛をこめて花束を,Superfly,False,,yOYEKiiFJCw,UCCebk1_w5oiMUTRxdNJq0sA,2019-01-03 00:25:36,
243,道明寺ここあ,Catch the Moment,LiSA,False,,Z82UOYjwl6M,UCCebk1_w5oiMUTRxdNJq0sA,2019-01-13 19:00:56,
244,道明寺ここあ,ロキ,みきとP,False,,f8exumiQ_ck,UCCebk1_w5oiMUTRxdNJq0sA,2019-01-16 19:12:37,
245,道明寺ここあ,うたかた花火,supercell,False,,j6QMF99JfLo,UCCebk1_w5oiMUTRxdNJq0sA,2019-01-18 19:33:10,
246,道明寺ここあ,完全感覚Dreamer,ONE OK ROCK,False,,l0V9rt9McYM,UCCebk1_w5oiMUTRxdNJq0sA,2019-01-28 21:59:11,
247,道明寺ここあ,No pain No game,ナノ,False,,Hj-Wda9cO8g,UCCebk1_w5oiMUTRxdNJq0sA,2019-02-21 23:33:19,
248,道明寺ここあ,エイリアンエイリアン,ナユタン星人,False,,LKfsadAxu5s,UCCebk1_w5oiMUTRxdNJq0sA,2019-02-27 20:33:52,
249,道明寺ここあ,The Everlasting Guilty Crown,EGOIST,False,,7O7emKO5RpQ,UCCebk1_w5oiMUTRxdNJq0sA,2019-03-03 20:23:11,
250,道明寺ここあ,God Knows...,涼宮ハルヒの憂鬱,False,,Ug1mTGc2Jqs,UCCebk1_w5oiMUTRxdNJq0sA,2019-03-06 22:51:45,
251,道明寺ここあ,打上花火,米津玄師,False,,4zmQFZmP9lA,UCCebk1_w5oiMUTRxdNJq0sA,2019-03-16 22:59:25,
252,道明寺ここあ,太陽系デスコ,ナユタン星人,False,,66LzA1Xes-Y,UCCebk1_w5oiMUTRxdNJq0sA,2019-03-27 19:00:07,
253,道明寺ここあ,REVIVER,MY FIRST STORY,False,,XDRC9VcU1Vo,UCCebk1_w5oiMUTRxdNJq0sA,2019-04-15 19:00:07,
254,道明寺ここあ,前前前世,RADWIMPS,False,,oxjwYtJkxG4,UCCebk1_w5oiMUTRxdNJq0sA,2019-04-20 20:27:16,
255,道明寺ここあ,Let It GO,アナと雪の女王,False,,96YuPyfv3_g,UCCebk1_w5oiMUTRxdNJq0sA,2019-05-12 19:00:03,
256,道明寺ここあ,ゴーストルール,DECO*27,False,,o-KQoHLIujA,UCCebk1_w5oiMUTRxdNJq0sA,2019-05-18 19:00:09,
257,道明寺ここあ,シルエット,KANA-BOON,False,,u6ZMlri70MI,UCCebk1_w5oiMUTRxdNJq0sA,2019-05-21 18:59:57,
258,道明寺ここあ,小さな恋のうた,MONGOL800,False,,ElupIY4oE-k,UCCebk1_w5oiMUTRxdNJq0sA,2019-05-26 19:00:01,
259,道明寺ここあ,Precious,伊藤由奈,False,,7RkCPBGsCiE,UCCebk1_w5oiMUTRxdNJq0sA,2019-06-03 19:00:39,
260,道明寺ここあ,シュガーソングとビターステップ,UNISON SQUARE GARDEN,False,,SuNVu5mA9ow,UCCebk1_w5oiMUTRxdNJq0sA,2019-06-10 19:00:04,
261,道明寺ここあ,Butter-Fly,デジモンアドベンチャー,False,,QTbz9-od4p0,UCCebk1_w5oiMUTRxdNJq0sA,2019-06-15 19:00:04,
262,道明寺ここあ,気まぐれメルシィ,八王子P,False,,QypcPqK_VkQ,UCCebk1_w5oiMUTRxdNJq0sA,2019-06-26 20:00:03,
263,道明寺ここあ,ドーナツホール,ハチ,False,,NMYSAKGAgAs,UCCebk1_w5oiMUTRxdNJq0sA,2019-06-29 20:00:03,
264,道明寺ここあ,ALONES,Aqua Timez,False,,gH_xViEau9Y,UCCebk1_w5oiMUTRxdNJq0sA,2019-07-08 20:00:07,
265,燦鳥ノム,ドラマツルギー,Eve,False,,ZtTQ_pI-cCw,UCwRKt_raV3N5KZgxcFyC1vw,2018-08-22 18:00:04,
266,燦鳥ノム,ウミユリ海底譚,ヨルシカ,False,,cFqtIGicNNw,UCwRKt_raV3N5KZgxcFyC1vw,2018-09-14 18:00:03,
267,燦鳥ノム,雨き声残響,Orangestar,False,,GqiUKkdwpzA,UCwRKt_raV3N5KZgxcFyC1vw,2018-09-21 18:00:01,
268,燦鳥ノム,太陽系デスコ,ナユタン星人,False,,xCZNzf6I2rc,UCwRKt_raV3N5KZgxcFyC1vw,2018-10-05 18:00:13,
269,燦鳥ノム,言って。,ヨルシカ,False,,t7u5raao5Kk,UCwRKt_raV3N5KZgxcFyC1vw,2018-11-05 18:00:12,
270,燦鳥ノム,檄!帝国華撃団,サクラ大戦,True,ときのそら,35fKzdDH654,UCwRKt_raV3N5KZgxcFyC1vw,2018-11-23 18:00:00,富士葵
271,燦鳥ノム,ナンセンス文学,Eve,False,,kPM1HzOdExs,UCwRKt_raV3N5KZgxcFyC1vw,2018-12-05 18:00:11,
272,燦鳥ノム,ECHO,Crusher-P,False,,GiJl73vpWCg,UCwRKt_raV3N5KZgxcFyC1vw,2018-12-21 18:00:02,
273,燦鳥ノム,虎視眈々,梅とら,False,,1KRaitjdFMw,UCwRKt_raV3N5KZgxcFyC1vw,2019-02-06 18:00:00,
274,燦鳥ノム,アディショナルメモリー,じん,False,,RHA0UPfIZnw,UCwRKt_raV3N5KZgxcFyC1vw,2019-02-22 18:00:03,
275,燦鳥ノム,ハレ晴レユカイ,涼宮ハルヒの憂鬱,False,,MHvlvzkC8pc,UCwRKt_raV3N5KZgxcFyC1vw,2019-03-29 18:00:03,
276,燦鳥ノム,ロストワンの号哭,Neru,False,,XA2yIPs3_FQ,UCwRKt_raV3N5KZgxcFyC1vw,2019-04-26 18:49:16,
277,燦鳥ノム,Life is tasty!,燦鳥ノム,False,,If_GLYKh4aY,UCwRKt_raV3N5KZgxcFyC1vw,2019-05-28 17:00:04,
278,燦鳥ノム,ヒッチコック,ヨルシカ,True,アメノセイ,HAp827zEQNE,UCKgndddKiQGIn0-T8jHzndg,2019-01-15 19:00:00,
279,アメノセイ,spirit of candy,アメノセイ,False,,4dWje7Y3jCs,UCKgndddKiQGIn0-T8jHzndg,2019-06-27 20:58:15,ハシダカズマ
280,アメノセイ,7,アメノセイ,False,,rl6nU5mtx7I,UCKgndddKiQGIn0-T8jHzndg,2019-05-29 20:58:17,梅とら
281,アメノセイ,レイン・メイカー [R∧INM∀KER],アメノセイ,False,,OTAD8ai2i_k,UCKgndddKiQGIn0-T8jHzndg,2019-04-29 17:57:44,sasakure.UK
282,アメノセイ,右肩の蝶,のりP,False,,MxAxDKK_kQ8,UCKgndddKiQGIn0-T8jHzndg,2019-04-01 19:00:03,
283,アメノセイ,あいでん×あいどんのう,カルロス袴田（サイゼP）,False,,k_MlonsJw6E,UCKgndddKiQGIn0-T8jHzndg,2019-03-29 18:58:17,
284,アメノセイ,雨声ユニバース。,アメノセイ,False,,yfSbqSpgOGg,UCKgndddKiQGIn0-T8jHzndg,2019-03-09 21:00:11,ハセガワケイスケ
285,アメノセイ,レッツゴー！陰陽師,豪血寺一族,True,バーチャルゴリラ,hKgjkj-cbhA,UCKgndddKiQGIn0-T8jHzndg,2019-03-06 00:27:46,
286,アメノセイ,エクスキューショナー,アメノセイ,False,,iGFfRUdgRqM,UCKgndddKiQGIn0-T8jHzndg,2019-02-28 19:58:16,鬱P
287,アメノセイ,深海少女,ゆうゆ,True,AZKi,6rW_9ldrISM,UCKgndddKiQGIn0-T8jHzndg,2019-02-09 18:00:00,
288,アメノセイ,Raindrop,アメノセイ,False,,aLjyo6ccz2Q,UCKgndddKiQGIn0-T8jHzndg,2019-01-29 18:00:00,banvox
289,アメノセイ,FANTASTIC,アメノセイ,False,,PUI3jXWFlpg,UCKgndddKiQGIn0-T8jHzndg,2018-12-25 18:00:02,YASUHIRO
290,アメノセイ,流星,藍井エイル,False,,h1AAIE-b6hU,UCKgndddKiQGIn0-T8jHzndg,2018-12-18 20:56:49,
291,アメノセイ,おちゃめ機能,ラマーズP,False,,0ji-pBiPn0k,UCKgndddKiQGIn0-T8jHzndg,2018-11-06 18:00:00,
292,アメノセイ,フィクサー,ぬゆり,False,,UROHXwdg18Q,UCKgndddKiQGIn0-T8jHzndg,2018-10-30 18:00:04,
293,アメノセイ,恋愛裁判,40mP,False,,cEox6qNu8_U,UCKgndddKiQGIn0-T8jHzndg,2018-10-12 18:00:03,
294,アメノセイ,心做し,蝶々P,False,,Bd69bh7JJZk,UCKgndddKiQGIn0-T8jHzndg,2018-09-28 18:00:00,
295,アメノセイ,ハイドアンド・シーク,ぴのぴ,False,,4asQeDJ0DHg,UCKgndddKiQGIn0-T8jHzndg,2018-09-07 18:00:01,
296,アメノセイ,シャルル,バルーン,False,,AnLgzPgUet8,UCKgndddKiQGIn0-T8jHzndg,2018-08-17 18:00:00,
297,アメノセイ,砂の惑星,ハチ,False,,QxhrCO3jQK0,UCKgndddKiQGIn0-T8jHzndg,2018-07-27 19:00:06,
298,アメノセイ,Clock,アメノセイ,False,,xle56bEsITQ,UCKgndddKiQGIn0-T8jHzndg,2018-07-14 18:00:04,n-buna
299,夜空メル,愛言葉Ⅲ,DECO*27,False,,jW4q0w6CCIo,UCD8HOxPs4Xvsm8H0ZxXGiBw,2019-06-24 22:58:11,
300,夜空メル,DANZEN!ふたりはプリキュア,ふたりはプリキュア,True,周防パトラ,hTYGZWDiVIA,UCD8HOxPs4Xvsm8H0ZxXGiBw,2019-06-08 21:00:09,
301,夜空メル,さようなら、花泥棒さん,メル,False,,aibvTUNEWqQ,UCD8HOxPs4Xvsm8H0ZxXGiBw,2019-05-04 23:00:17,
302,夜空メル,ビバハピ,あひるP,False,,Mmlj3WUBHbc,UCD8HOxPs4Xvsm8H0ZxXGiBw,2019-04-22 20:58:14,
303,夜空メル,バレンタインキッス,渡り廊下走り隊,True,因幡はねる,R4PEMkDb418,UCD8HOxPs4Xvsm8H0ZxXGiBw,2019-02-14 20:57:43,"癒月ちょこ,東雲めぐ"
304,夜空メル,Over the reality,キズナアイ,False,,qnBf0JcX-1Y,UCD8HOxPs4Xvsm8H0ZxXGiBw,2019-01-27 21:02:28,
305,夜空メル,Snow Song Show,DECO*27,False,,h4QRFdi3ixI,UCD8HOxPs4Xvsm8H0ZxXGiBw,2018-12-25 19:57:41,
306,夜空メル,惑星ループ,ナユタン星人,False,,hUsU9W6wt9k,UCD8HOxPs4Xvsm8H0ZxXGiBw,2018-11-29 21:09:02,
307,夜空メル,きゅんっ！ヴァンパイアガール,ササキトモコ,False,,Oqu0orEZ3rI,UCD8HOxPs4Xvsm8H0ZxXGiBw,2018-10-31 21:00:44,
308,もちひよこ,Lemon,米津玄師,False,,zTLb6nrd4c4,UCZ1WJDkMNiZ_QwHnNrVf7Pw,2019-07-02 19:00:10,
309,もちひよこ,惑星ループ,ナユタン星人,False,,josFB7vj4gg,UCZ1WJDkMNiZ_QwHnNrVf7Pw,2019-06-06 19:00:09,
310,もちひよこ,愛言葉Ⅲ,DECO*27,False,,WezmreVcfZM,UCZ1WJDkMNiZ_QwHnNrVf7Pw,2019-01-05 20:12:20,
311,キズナアイ,透明声彩,YuNi,False,,c8PaL8ncozg,UC4YaOt1yT-ZeyB0OmxHgolA,2019-06-14 17:58:47,
312,キズナアイ,金曜日のおはよう,HoneyWorks,False,,EaRByR8FB_0,UC4YaOt1yT-ZeyB0OmxHgolA,2019-06-07 08:00:00,
313,キズナアイ,パプリカ,米津玄師,False,,Ulj5sT52LNs,UC4YaOt1yT-ZeyB0OmxHgolA,2019-04-05 18:58:19,
314,キズナアイ,惑星ループ,ナユタン星人,False,,vG5BYoAKTLs,UC4YaOt1yT-ZeyB0OmxHgolA,2019-03-15 00:13:41,
315,キズナアイ,ムーニーちゃんのおまじない♪,ムーニーちゃんのおまじない♪,False,,xOemeonboOM,UC4YaOt1yT-ZeyB0OmxHgolA,2019-02-06 19:00:07,
316,キズナアイ,TT,TWICE,False,,j424KpqREHk,UC4YaOt1yT-ZeyB0OmxHgolA,2018-08-01 19:00:06,
317,キズナアイ,Hej Monika,PewDiePie,False,,RvB-kv9q7Pk,UC4YaOt1yT-ZeyB0OmxHgolA,2018-06-05 19:36:13,
318,キズナアイ,スタートライン,アイカツスターズ,False,,rFxm8X6VN4g,UC4YaOt1yT-ZeyB0OmxHgolA,2018-03-30 19:00:11,
319,キズナアイ,ＨＵＧっと！未来☆ドリーマー,ＨＵＧっと！プリキュア,False,,4KstxwVwnJw,UC4YaOt1yT-ZeyB0OmxHgolA,2018-03-04 19:30:01,
320,キズナアイ,ハッピーシンセサイザ,Digital,False,,zZyTTBXwd88,UC4YaOt1yT-ZeyB0OmxHgolA,2018-02-12 20:13:24,
321,キズナアイ,パンダフルチャレンジ,キズナアイ,False,,RxjZScx-8XA,UC4YaOt1yT-ZeyB0OmxHgolA,2017-01-10 22:43:17,
322,キズナアイ,ぽっぴっぽー,ラマーズP,False,,HTsQYfgcN6c,UC4YaOt1yT-ZeyB0OmxHgolA,2018-01-17 19:00:00,
323,キズナアイ,ハロ／ハワユ,ナノウ,False,,QS7Q_zEPzHA,UC4YaOt1yT-ZeyB0OmxHgolA,2018-01-03 19:00:04,
324,キズナアイ,ルカルカ★ナイトフィーバー,Ruka,False,,4UyAr5Bs68g,UC4YaOt1yT-ZeyB0OmxHgolA,2017-10-27 19:00:00,
325,キズナアイ,みくみくにしてあげる,ika,False,,V0fDTHRIHSE,UC4YaOt1yT-ZeyB0OmxHgolA,2017-10-08 19:00:05,
326,キズナアイ,メランコリック,ちほP,False,,_GByIfCSGL4,UC4YaOt1yT-ZeyB0OmxHgolA,2017-09-29 21:07:41,
327,キズナアイ,レトロマニア狂想曲,PolyphonicBranch,False,,LmnIdNLpB5E,UC4YaOt1yT-ZeyB0OmxHgolA,2017-07-19 23:08:22,
328,キズナアイ,ハレ晴レユカイ,涼宮ハルヒの憂鬱,False,,HnQSdlbw3es,UC4YaOt1yT-ZeyB0OmxHgolA,2017-06-02 22:03:53,
329,キズナアイ,サイレントマジョリティー,欅坂46,False,,SZyq9MA0DOo,UC4YaOt1yT-ZeyB0OmxHgolA,2017-05-21 19:13:27,
330,白上フブキ,全美兎シュガーソングとビターステップ,月ノ美兎,False,,pn4dtx62_oY,UCdn5BQ06XqgXoAxIhbqw5Rg,2018-08-03 12:00:21,
331,夏色まつり,カタオモイ,Aimer,False,,TT6gTs2B1Uw,UCQ0UDLQCjY0rmuxCDE38FGg,2019-06-25 20:58:14,
332,夏色まつり,スイートマジック,Junky,True,紫咲シオン,z2pWWKSPofA,UCQ0UDLQCjY0rmuxCDE38FGg,2019-03-13 23:58:43,
333,夏色まつり,お願いダーリン,ナナホシ管弦楽団,False,,kMPx3AHvwtA,UCQ0UDLQCjY0rmuxCDE38FGg,2019-02-13 23:58:45,
334,夏色まつり,好き！雪！本気マジック,Mitchie M,False,,nZ-g1pPNfts,UCQ0UDLQCjY0rmuxCDE38FGg,2018-12-24 23:57:44,
335,夏色まつり,未練レコード,ときのそら,False,,1mOL7Hi46h8,UCQ0UDLQCjY0rmuxCDE38FGg,2018-11-13 00:28:34,
336,猫乃木もち,瞬き,back number,False,,MtOvHD27GSg,UC02LBsjt_Ehe7k0CuiNC6RQ,2019-04-27 14:00:05,
337,猫乃木もち,ラプンツェル,ナブナ,False,,eB90el6Zb_k,UC02LBsjt_Ehe7k0CuiNC6RQ,2019-04-27 20:19:58,
338,メリーミルク,蜜月アン・ドゥ・トロワ,DATEKEN,False,,5idq4XAeYIQ,UCju7v8SkoWUQ5ITCQwmYpYg,2018-05-31 00:35:17,
339,おめがシスターズ,シンクロニティ,BACK-ON,False,,jis7E_mbwPw,UCNjTjd2-PMC8Oo_-dCEss7A,2019-03-06 21:58:15,
340,おめがシスターズ,AURORA,藍井エイル,False,,8q-Ny2a0GPM,UCNjTjd2-PMC8Oo_-dCEss7A,2018-03-14 19:00:01,
341,おめがシスターズ,非公開日誌,みきとP,False,,FkyotXkl-CI,UCNjTjd2-PMC8Oo_-dCEss7A,2018-03-19 19:00:03,
342,おめがシスターズ,からくりピエロ,40mP,False,,owl2ZtgDRHI,UCNjTjd2-PMC8Oo_-dCEss7A,2018-04-03 19:00:14,
343,おめがシスターズ,空色デイズ,中川翔子,False,,-YLyVDOJnFc,UCNjTjd2-PMC8Oo_-dCEss7A,2018-04-05 19:00:00,
344,おめがシスターズ,ツキアカリのミチシルベ,ステレオポニー,False,,SV_ag_cq9Jg,UCNjTjd2-PMC8Oo_-dCEss7A,2018-04-26 19:01:27,
345,おめがシスターズ,ニブンノイチ,BACK-ON,False,,KQPr8Qde22w,UCNjTjd2-PMC8Oo_-dCEss7A,2018-05-18 19:00:02,
346,おめがシスターズ,メリッサ,ポルノグラフィティ,False,,XAt2lODxz_E,UCNjTjd2-PMC8Oo_-dCEss7A,2018-06-08 19:00:08,
347,おめがシスターズ,heavenly blue,Kalafina,False,,IfYODh82hTo,UCNjTjd2-PMC8Oo_-dCEss7A,2018-06-15 19:00:01,
348,おめがシスターズ,AM11:00,HY,False,,abDwOIMcBEw,UCNjTjd2-PMC8Oo_-dCEss7A,2018-06-30 19:00:01,
349,おめがシスターズ,ガーネット,時をかける少女,False,,gXhqIT7XnsI,UCNjTjd2-PMC8Oo_-dCEss7A,2018-07-20 19:00:05,
350,おめがシスターズ,夏色,ゆず,False,,VBpXOOPK6-E,UCNjTjd2-PMC8Oo_-dCEss7A,2018-08-06 19:00:07,
351,おめがシスターズ,マスターピース,mihimaru GT,False,,_AcOHoF68vo,UCNjTjd2-PMC8Oo_-dCEss7A,2018-09-07 19:00:12,
352,おめがシスターズ,独りんぼエンヴィー,電ポルP,False,,s9IvNnu0kqc,UCNjTjd2-PMC8Oo_-dCEss7A,2018-09-23 19:00:12,
353,おめがシスターズ,ゴーストルール,DECO*27,False,,FVfim9jNQVg,UCNjTjd2-PMC8Oo_-dCEss7A,2018-10-22 19:00:00,
354,おめがシスターズ,コネクト,ClariS,False,,sYNL6WlW-e8,UCNjTjd2-PMC8Oo_-dCEss7A,2018-11-12 19:00:07,
355,おめがシスターズ,シュガーソングとビターステップ,UNISON SQUARE GARDEN,False,,pSBk3QVY3cA,UCNjTjd2-PMC8Oo_-dCEss7A,2018-11-29 19:00:07,
356,おめがシスターズ,恋のカトレア通り,プリティ→プリンセス,False,,b0nF7oUbsfg,UCNjTjd2-PMC8Oo_-dCEss7A,2019-01-22 19:00:07,
357,おめがシスターズ,ホウキ雲,RYTHEM,False,,9Ppv1wvwHXI,UCNjTjd2-PMC8Oo_-dCEss7A,2019-04-17 19:00:01,
358,おめがシスターズ,透明声彩,YuNi,False,,58al_aq_E2M,UCNjTjd2-PMC8Oo_-dCEss7A,2019-04-20 19:00:02,
359,樋口楓,絶望レストラン,絶望先生,True,月ノ美兎,5DfRzFrmHzQ,UCsg-YqdqQ-KFF0LNk23BY4A,2019-07-11 23:32:34,"久遠千歳,雨森小夜"
360,樋口楓,Summermagic,樋口楓,False,,8_g1VaJ0nSA,UCsg-YqdqQ-KFF0LNk23BY4A,2019-07-03 18:58:45,
361,樋口楓,ReStart Line,樋口楓,False,,ZVC-XZZ6fNA,UCsg-YqdqQ-KFF0LNk23BY4A,2019-06-29 21:57:42,
362,樋口楓,やきもち☆ハートブレイク,樋口楓,False,,GdbaIWU9Rxg,UCsg-YqdqQ-KFF0LNk23BY4A,2019-06-21 18:57:45,
363,樋口楓,偶然天使,極上生徒会,True,月ノ美兎,Mxcklx9tOg4,UCsg-YqdqQ-KFF0LNk23BY4A,2019-06-17 22:00:04,"静凛,える,勇気ちひろ"
364,樋口楓,ロキ,みきとP,True,月ノ美兎,KNi82VggtBo,UCD-miitqNY3nyukJ4Fnf4_A,2019-06-10 20:58:47,
365,樋口楓,ゾンビディスコティーク,デスおはぎ,False,,I2mxW3EqsMc,UCsg-YqdqQ-KFF0LNk23BY4A,2019-06-07 19:58:43,
366,樋口楓,赤い罠(who loves it?),LiSA,False,,r9Oiem71hfM,UCsg-YqdqQ-KFF0LNk23BY4A,2019-05-26 20:58:11,
367,森中花咲,花ハ踊レヤいろはにほ,ハナヤマタ,True,本間ひまわり,Ll6hc14i2dY,UCtpB6Bvhs1Um93ziEDACQ8g,2019-06-02 19:58:16,"樋口楓,闇夜乃モルル,夕陽リリ"
368,樋口楓,Blow out,鈴木このみ,False,,uzAYpvpqvMw,UCsg-YqdqQ-KFF0LNk23BY4A,2019-05-10 19:57:45,
369,樋口楓,鬼KYOKAN,じーざすP,True,ロボ子さん,dWOdLydhO-E,UCsg-YqdqQ-KFF0LNk23BY4A,2019-05-04 19:58:18,
370,樋口楓,Red Star,樋口楓,False,,29j460cy6xY,UCsg-YqdqQ-KFF0LNk23BY4A,2019-04-28 20:58:45,
371,樋口楓,BOYS & GIRLS 3.0,樋口楓,True,キツネDJ,KlgMpBK4-os,UCRULMVtTfuMRRBAzfaqYwdA,2019-03-30 18:13:12,キツネDJ
372,樋口楓,BREAK THIS WALL,樋口楓,True,キツネDJ,UYBUbjeGJdE,UCsg-YqdqQ-KFF0LNk23BY4A,2019-03-30 17:57:48,
373,樋口楓,Harmony!!,樋口楓,False,,8sGdUV18h4w,UCsg-YqdqQ-KFF0LNk23BY4A,2019-03-25 21:57:45,
374,樋口楓,放課後Memory,樋口楓,False,,pGdJHcAAPlc,UCsg-YqdqQ-KFF0LNk23BY4A,2019-03-17 21:57:47,
375,樋口楓,Dream_Triangle,樋口楓,True,月ノ美兎,M9VZ-BczRH0,UCX7YkU9nEeaoZbkVLVajcMg,2019-02-15 21:28:15,静凛
376,樋口楓,響鳴,樋口楓,False,,NcaGIXz6fdI,UCX7YkU9nEeaoZbkVLVajcMg,2019-01-15 19:48:58,
377,樋口楓,月夜ノ空,樋口楓,False,,mgw7dgA4nNE,UCsg-YqdqQ-KFF0LNk23BY4A,2019-01-07 20:58:11,
378,樋口楓,皐月の風,樋口楓,False,,w565CF7KsHA,UCsg-YqdqQ-KFF0LNk23BY4A,2018-12-24 21:58:44,
379,樋口楓,奏でろ音楽！！！,樋口楓,False,,Vs9dX8C9Cn8,UCsg-YqdqQ-KFF0LNk23BY4A,2018-12-10 21:58:34,
380,樋口楓,デロッパ,樋口楓,False,,P9CBFmk5H8Q,UCsg-YqdqQ-KFF0LNk23BY4A,2018-11-26 21:58:16,
381,樋口楓,けろっぐふろっぐ！,樋口楓,True,える,sRpg90RGRJg,UCsg-YqdqQ-KFF0LNk23BY4A,2018-11-11 19:58:20,
382,樋口楓,wish,樋口楓,False,,78JaNSdVOMQ,UCsg-YqdqQ-KFF0LNk23BY4A,2018-11-19 21:58:30,
383,樋口楓,焼森のファンファーレ,樋口楓,False,,ML9x7s7SMBE,UCsg-YqdqQ-KFF0LNk23BY4A,2018-11-04 21:58:27,
384,樋口楓,WINDINGROAD,絢香×コブクロ,True,おめがシスターズ,DxQVcC-yJV0,UCsg-YqdqQ-KFF0LNk23BY4A,2018-10-29 19:00:00,
385,樋口楓,Happy Halloween,Junky,True,ロボ子さん,v6u80eYSLvc,UCsg-YqdqQ-KFF0LNk23BY4A,2018-10-29 00:00:22,
386,樋口楓,Dream_Triangle,樋口楓,True,月ノ美兎,FhF8PEGAF2Y,UCsg-YqdqQ-KFF0LNk23BY4A,2018-09-30 21:30:00,静凛
387,樋口楓,Dress me up!!,樋口楓,True,静凛,yCTsaVg6f3g,UCsg-YqdqQ-KFF0LNk23BY4A,2018-09-17 18:00:10,
388,樋口楓,曇り空のフィルム,樋口楓,False,,PbW6Q1FdQEg,UCsg-YqdqQ-KFF0LNk23BY4A,2018-09-08 08:00:02,
389,樋口楓,月夜ノ空,樋口楓,False,,Zrq5lRWmCVc,UCsg-YqdqQ-KFF0LNk23BY4A,2018-09-01 08:00:02,
390,樋口楓,楓色の向こう,樋口楓,False,,AgOWBMkU24g,UCsg-YqdqQ-KFF0LNk23BY4A,2018-08-10 20:00:14,
391,樋口楓,キミの友達,樋口楓,False,,JG-mcEtEpRY,UCsg-YqdqQ-KFF0LNk23BY4A,2018-07-05 06:30:01,
392,にじさんじプロジェクト,Mr.Music,れるりり&ロンチーノ=ペペ&かごめP,False,,CICsAfQ6ke8,UCX7YkU9nEeaoZbkVLVajcMg,2018-07-05 21:00:01,
393,樋口楓,MapleDancer,樋口楓,False,,OLWqLMbq5QY,UCsg-YqdqQ-KFF0LNk23BY4A,2018-07-14 06:30:02,
394,樋口楓,やきもち☆ハートブレイク,樋口楓,False,,zu1ikUGv4Qc,UCsg-YqdqQ-KFF0LNk23BY4A,2018-06-21 07:30:01,
395,樋口楓,奏でろ音楽！！！,樋口楓,False,,MuFxkZMtv_M,UCsg-YqdqQ-KFF0LNk23BY4A,2018-06-06 07:00:01,
396,樋口楓,奏でろ音楽！！！,樋口楓,False,,rGGGenfukR8,UCsg-YqdqQ-KFF0LNk23BY4A,2018-06-12 18:21:04,
397,樋口楓,Liver's High!!,樋口楓,False,,O-Ndo_JKTAY,UCsg-YqdqQ-KFF0LNk23BY4A,2018-05-12 08:00:00,
398,樋口楓,放課後Melty,樋口楓,False,,W9rkEnT9Q_8,UCsg-YqdqQ-KFF0LNk23BY4A,2018-04-01 08:30:00,
399,樋口楓,Maple,樋口楓,False,,0jseKaZGFzM,UCsg-YqdqQ-KFF0LNk23BY4A,2018-03-28 07:30:01,
400,樋口楓,Harmony!!,樋口楓,False,,_7yLua9O9Us,UCsg-YqdqQ-KFF0LNk23BY4A,2018-03-26 08:00:01,
401,ミソシタ,ミッドナイト・ファイティングブリーフ,ミソシタ,False,,4VeCXCZRmlA,UCctWfjgLUh1yt-Wdz6W4yFQ,2018-03-20 08:26:18,
402,ミソシタ,ヘンリー・ダーガー,ミソシタ,False,,cVzZR5aTvTQ,UCctWfjgLUh1yt-Wdz6W4yFQ,2018-05-05 02:41:29,
403,ミソシタ,地下二階のレジスタンス,ミソシタ,False,,lqqiv6NbXaA,UCctWfjgLUh1yt-Wdz6W4yFQ,2018-08-07 21:59:52,
404,ミソシタ,Life is Dark,ミソシタ,False,,Ev0VnZGg_tc,UCctWfjgLUh1yt-Wdz6W4yFQ,2018-06-05 21:59:33,
405,ミソシタ,我闇ナリ,ミソシタ,False,,TfwMKwpBqkQ,UCctWfjgLUh1yt-Wdz6W4yFQ,2018-07-20 20:00:03,
406,ミソシタ,革命前夜,ミソシタ,False,,keEX8HRlMEA,UCctWfjgLUh1yt-Wdz6W4yFQ,2018-04-05 01:50:32,
407,鈴鹿詩子,脳漿炸裂ガール,れるりり,True,森中花咲,-BZXZvOnRK0,UCwokZsOK_uEre70XayaFnzA,2019-01-27 21:57:45,モイラ
408,鈴鹿詩子,シャルル,バルーン,False,,WGXkz1VGXVM,UCwokZsOK_uEre70XayaFnzA,2018-12-07 22:28:23,
409,鈴鹿詩子,U.S.A.,DA PUMP,False,,i003sNLSvU4,UCwokZsOK_uEre70XayaFnzA,2018-09-12 20:35:27,
410,鈴鹿詩子,恋愛サーキュレーション,千石撫子,False,,FXwlyNlC-20,UCwokZsOK_uEre70XayaFnzA,2018-11-28 02:54:11,
411,鈴鹿詩子,ダンスロボットダンス,ナユタン星人,False,,L4Tz3tER5MA,UCwokZsOK_uEre70XayaFnzA,2018-09-26 22:05:04,
412,鈴鹿詩子,Girls,Easy Pop,False,,osRNtNYZ41c,UCwokZsOK_uEre70XayaFnzA,2018-09-09 00:52:53,
413,鈴鹿詩子,おねがいダーリン,松下,False,,9McF4pK8QDg,UCwokZsOK_uEre70XayaFnzA,2018-05-24 14:47:44,
414,鈴鹿詩子,なんでもないや,RADWIMPS,False,,z8-DH73uCxA,UCwokZsOK_uEre70XayaFnzA,2019-02-25 20:58:44,
415,鈴鹿詩子,乙女解剖,DECO*27,False,,61k1YBAKQ7E,UCwokZsOK_uEre70XayaFnzA,2019-03-22 20:58:16,
416,鈴鹿詩子,Will you marry me?,鈴鹿詩子,False,,0YG6Q39I1k0,UCwokZsOK_uEre70XayaFnzA,2019-06-28 18:57:45,
417,名取さな,惑星ループ,ナユタン星人,False,,AeB6SOvka44,UCIdEIHpS0TdkqRkHL5OkLtA,2019-11-09 19:58:27,
418,アズマリム,ダンスロボットダンス,ナユタン星人,False,,7xYwe4goa80,UCARI2g7r-PHaxrIcAYsMfmA,2018-04-16 23:09:38,
419,アズマリム,ハレ晴レユカイ,涼宮ハルヒの憂鬱,False,,Cmp4RI3JurQ,UCARI2g7r-PHaxrIcAYsMfmA,2018-06-10 19:00:02,
420,アズマリム,ハロ／ハワユ,ナノウ,False,,1GdIPbiaZjc,UCARI2g7r-PHaxrIcAYsMfmA,2018-08-16 20:00:00,
421,アズマリム,アスノヨゾラ哨戒班,Orangestar,False,,K08Gxe4DZiY,UCARI2g7r-PHaxrIcAYsMfmA,2018-08-17 20:00:02,
422,アズマリム,恋愛サーキュレーション,化物語,False,,z1rmXo9YESg,UCARI2g7r-PHaxrIcAYsMfmA,2018-08-19 20:00:05,
423,アズマリム,寝・逃・げでリセット！,柊つかさ,False,,YsXhoMex7uc,UCARI2g7r-PHaxrIcAYsMfmA,2018-08-21 20:11:14,
424,アズマリム,千本桜,WhiteFlame,False,,g0HryARawso,UCARI2g7r-PHaxrIcAYsMfmA,2018-09-21 20:00:05,
425,アズマリム,太陽曰く燃えよカオス,這いよれ！ニャル子さん,False,,1r9WTskgE8M,UCARI2g7r-PHaxrIcAYsMfmA,2018-10-05 20:00:01,
426,アズマリム,おちゃめ機能,ゴジマジP,False,,4o8MNNkNTP8,UCARI2g7r-PHaxrIcAYsMfmA,2018-10-25 19:30:00,
427,アズマリム,人類みなセンパイ！,アズマリム,False,,XtlDHnWgGeM,UCARI2g7r-PHaxrIcAYsMfmA,2018-12-24 20:57:48,
428,ヒメヒナ,劣等上等,れをる,False,,il4cAeVzZwI,UCFv2z4iM5vHrS8bZPq4fHQQ,2018-08-31 20:59:21,
429,ヒメヒナ,"Hey,JOJI",ヒメヒナ,False,,AJmvFgrZF1Q,UCFv2z4iM5vHrS8bZPq4fHQQ,2019-07-09 21:00:13,
430,ヒメヒナ,ヒバリ,ヒメヒナ,False,,O5uyMKs0n3Q,UCFv2z4iM5vHrS8bZPq4fHQQ,2019-07-05 20:58:19,
431,ヒメヒナ,いーあるふぁんくらぶ,みきとP,False,,3h6qU080brA,UCFv2z4iM5vHrS8bZPq4fHQQ,2019-03-18 20:00:10,
432,ヒメヒナ,ヒトガタ,ヒメヒナ,False,,J8PUUv4LFkQ,UCFv2z4iM5vHrS8bZPq4fHQQ,2019-02-20 20:58:45,
433,ヒメヒナ,ロキ,みきとP,False,,mtb-qa8xvFU,UCFv2z4iM5vHrS8bZPq4fHQQ,2018-11-09 20:58:31,
434,ヒメヒナ,ようこそジャパリパークへ,けものフレンズ,False,,He6NNULUom0,UCFv2z4iM5vHrS8bZPq4fHQQ,2018-08-17 19:00:00,
435,ヒメヒナ,ECHO,Crusher-P,False,,H2wdu1ndmmI,UCFv2z4iM5vHrS8bZPq4fHQQ,2018-05-17 22:10:21,
436,戌亥とこ,RE:I AM,Aimer,False,,QzdsaXemBWM,UCXRlIK3Cw_TJIQC5kSJJQMg,2019-04-29 19:28:49,
437,富士葵,なんでもないや,RADWIMPS,False,,2icJhamXyA0,UC3Ruo_5doyu514PesWGvCAg,2017-12-16 15:00:00,
438,富士葵,スパークル,RADWIMPS,False,,2z2qTuiwfrM,UC3Ruo_5doyu514PesWGvCAg,2017-12-23 18:25:07,
439,富士葵,ファイト！,中島みゆき,False,,-7-DiqcyeXw,UC3Ruo_5doyu514PesWGvCAg,2017-12-26 23:43:42,
440,富士葵,前前前世,RADWIMPS,False,,rNcmaeY37rM,UC3Ruo_5doyu514PesWGvCAg,2018-01-03 19:00:06,
441,富士葵,炎のたからもの,BOBBY,False,,lMDs6mHrGVk,UC3Ruo_5doyu514PesWGvCAg,2018-01-19 19:00:03,
442,富士葵,奏,スキマスイッチ,False,,_E6f7gHX0R8,UC3Ruo_5doyu514PesWGvCAg,2018-01-20 19:00:02,
443,富士葵,希望という名の光,山下達郎,False,,a1POL45GTTI,UC3Ruo_5doyu514PesWGvCAg,2018-01-27 19:00:01,
444,富士葵,夢やぶれて,Les Misérables,False,,5nH5mFg9xYA,UC3Ruo_5doyu514PesWGvCAg,2018-02-02 19:00:00,
445,富士葵,Tomorrow,アニー,False,,q9Esydf9EyI,UC3Ruo_5doyu514PesWGvCAg,2018-02-10 19:00:02,
446,富士葵,桜坂,福山雅治,False,,Okb7BGUwHLw,UC3Ruo_5doyu514PesWGvCAg,2018-02-15 19:00:02,
447,富士葵,変わらないもの,時をかける少女,False,,qeGDonntEzI,UC3Ruo_5doyu514PesWGvCAg,2018-02-17 19:00:03,
448,富士葵,SAZANKA,SEKAI NO OWARI,False,,8CNM6H_FKDY,UC3Ruo_5doyu514PesWGvCAg,2018-03-02 19:00:00,
449,富士葵,3月9日,レミオロメン,False,,FbqMJ1UucsY,UC3Ruo_5doyu514PesWGvCAg,2018-03-09 15:00:01,
450,富士葵,赤鬼と青鬼のタンゴ,みんなのうた,False,,3MoW6LUolb8,UC3Ruo_5doyu514PesWGvCAg,2018-03-12 19:00:50,
451,富士葵,フリージア,Uru,False,,sPE9vVOWjUE,UC3Ruo_5doyu514PesWGvCAg,2018-03-18 19:00:23,
452,富士葵,歩いて帰ろう,斉藤和義,False,,Qr1e-XuGuM8,UC3Ruo_5doyu514PesWGvCAg,2018-03-24 19:00:04,
453,富士葵,卒業写真,松任谷由実,False,,XsyobVYi46Q,UC3Ruo_5doyu514PesWGvCAg,2018-03-30 19:15:16,
454,富士葵,春よ、来い,松任谷由実,False,,v-oX-iq3l0c,UC3Ruo_5doyu514PesWGvCAg,2018-04-07 19:00:14,
455,富士葵,Butter-Fly,デジモンアドベンチャー,False,,TtgvPFkWQJo,UC3Ruo_5doyu514PesWGvCAg,2018-04-14 19:00:08,
456,富士葵,旅立ちの日に,合唱,False,,yIOX6MA4B7M,UC3Ruo_5doyu514PesWGvCAg,2018-04-26 19:02:49,
457,富士葵,ありがとう,いきものがかり,False,,ZCF8AiaAd5c,UC3Ruo_5doyu514PesWGvCAg,2018-04-29 19:30:00,
458,富士葵,明日への手紙,手嶌葵,False,,1Nlt9Vy4CuM,UC3Ruo_5doyu514PesWGvCAg,2018-05-11 19:00:00,
459,富士葵,ライオン,マクロスフロンティア,False,,rn54OXCuTZs,UC3Ruo_5doyu514PesWGvCAg,2018-06-08 19:00:05,
460,富士葵,トライエヴリシング,Dream Ami,False,,vkSFyx2vRkA,UC3Ruo_5doyu514PesWGvCAg,2018-06-14 19:17:50,
461,富士葵,NIPPON,椎名林檎,False,,pSVdXYWSHxQ,UC3Ruo_5doyu514PesWGvCAg,2018-06-23 19:00:07,
462,富士葵,Rain,秦基博,False,,qhjULwm8tUs,UC3Ruo_5doyu514PesWGvCAg,2018-06-29 19:00:26,
463,富士葵,夏色,ゆず,False,,RbBo0ERC90Y,UC3Ruo_5doyu514PesWGvCAg,2018-07-14 19:00:03,
464,富士葵,夏祭り,JITTERIN'JINN,False,,H6sAxQi8OM0,UC3Ruo_5doyu514PesWGvCAg,2018-08-10 19:00:06,
465,富士葵,ひこうき雲,松任谷由実,False,,YRMvGOA43Sc,UC3Ruo_5doyu514PesWGvCAg,2018-08-14 20:00:03,
466,富士葵,花ハ踊レヤいろはにほ,ハナヤマタ,False,,szyhyrYg7Cw,UC3Ruo_5doyu514PesWGvCAg,2018-08-17 19:06:52,
467,富士葵,secret base~君がくれたもの~,ZONE,False,,rjYkPF4_g80,UC3Ruo_5doyu514PesWGvCAg,2018-08-24 19:03:01,
468,富士葵,魔法使いと私,ウィキッド,False,,zrFFXpZa23I,UC3Ruo_5doyu514PesWGvCAg,2018-08-31 19:00:12,
469,富士葵,射手座☆午後九時Don't be late,シェリル・ノーム ,False,,tAZlcp4mT-g,UC3Ruo_5doyu514PesWGvCAg,2018-09-04 19:28:49,
470,富士葵,鳥の詩,Lia,False,,_R-khs0_rJU,UC3Ruo_5doyu514PesWGvCAg,2018-09-14 21:00:08,
471,富士葵,you,癒月,False,,caPn1JQ2enY,UC3Ruo_5doyu514PesWGvCAg,2018-09-22 17:00:03,
472,富士葵,JUPITER,平原綾香,False,,WVcny1IhWJ4,UC3Ruo_5doyu514PesWGvCAg,2018-10-03 19:02:48,
473,富士葵,時を刻む詩,Lia,False,,kNzQowN6Z6M,UC3Ruo_5doyu514PesWGvCAg,2018-10-11 20:00:05,
474,富士葵,Precious,伊藤由奈,False,,gfhs3BTWQPM,UC3Ruo_5doyu514PesWGvCAg,2018-10-17 20:00:07,
475,富士葵,ピースサイン,米津玄師,False,,w2FjVnLyL8o,UC3Ruo_5doyu514PesWGvCAg,2018-10-24 20:00:04,
476,富士葵,エイリアンエイリアン,ナユタン星人,False,,PLBi20neHbM,UC3Ruo_5doyu514PesWGvCAg,2018-10-31 20:00:03,
477,富士葵,君の知らない物語,supercell,False,,bsgU_M83lJM,UC3Ruo_5doyu514PesWGvCAg,2018-11-03 16:39:49,
478,富士葵,Flamingo,米津玄師,False,,LpFlorv28_A,UC3Ruo_5doyu514PesWGvCAg,2018-11-09 19:00:01,
479,富士葵,蝶々結び,Aimer,False,,SVqedq-_Y7Y,UC3Ruo_5doyu514PesWGvCAg,2018-11-15 20:00:03,
480,富士葵,月のワルツ,諫山実生,False,,yA8wCtE62fU,UC3Ruo_5doyu514PesWGvCAg,2018-11-24 20:00:06,
481,富士葵,命の灯火,スマッシュブラザーズ,False,,Wjf1366QIrw,UC3Ruo_5doyu514PesWGvCAg,2018-12-07 19:00:03,
482,富士葵,Over The Rainbow,Judy Garland,False,,W8UOTqazeaU,UC3Ruo_5doyu514PesWGvCAg,2018-12-13 18:57:43,
483,富士葵,なんでもないや,RADWIMPS,False,,aDnSbeC_kyw,UC3Ruo_5doyu514PesWGvCAg,2018-12-15 21:39:13,
484,富士葵,月光,鬼束ちひろ,False,,k6B-isLbj18,UC3Ruo_5doyu514PesWGvCAg,2018-12-21 20:00:05,
485,富士葵,日々,吉田山田,False,,r7YC2Ti1keU,UC3Ruo_5doyu514PesWGvCAg,2018-12-29 20:00:11,
486,富士葵,恋愛サーキュレーション,千石撫子,False,,A8g6cuODzxc,UC3Ruo_5doyu514PesWGvCAg,2019-01-05 20:00:00,
487,富士葵,i beg you,Aimer,False,,ezGNv5NT0mY,UC3Ruo_5doyu514PesWGvCAg,2019-01-26 19:57:44,
488,富士葵,雪の華,中島美嘉,False,,9ozaiKTyJ5M,UC3Ruo_5doyu514PesWGvCAg,2019-02-01 20:00:00,
489,富士葵,おとなの掟,カルテット,False,,LraAU_shDKY,UC3Ruo_5doyu514PesWGvCAg,2019-02-23 20:00:02,
490,富士葵,Koi,androp,False,,Mp0T8WoFn7E,UC3Ruo_5doyu514PesWGvCAg,2019-03-01 11:30:00,
491,富士葵,ダダダダ天使,ナナヲアカリ,False,,nHIqE61zYsM,UC3Ruo_5doyu514PesWGvCAg,2019-03-30 20:00:06,
492,富士葵,Departures 〜あなたにおくるアイの歌〜,EGOIST,False,,3HmZ4lWJyMc,UC3Ruo_5doyu514PesWGvCAg,2019-04-12 20:58:18,
493,富士葵,パプリカ,米津玄師,True,奏MiMi,LD41y3tmKLk,UC3Ruo_5doyu514PesWGvCAg,2019-04-13 20:00:07,
494,富士葵,シャルル,バルーン,False,,jMLL9DYdt0A,UC3Ruo_5doyu514PesWGvCAg,2019-04-15 20:30:01,
495,富士葵,命に嫌われている。,カンザキイオリ,False,,SfHYSBxPpuw,UC3Ruo_5doyu514PesWGvCAg,2019-04-26 21:00:07,
496,富士葵,令和,ゴールデンボンバー,False,,JM4xmnh-aWg,UC3Ruo_5doyu514PesWGvCAg,2019-05-01 00:00:07,
497,富士葵,だから僕は音楽を辞めた,ヨルシカ,False,,v1fSB6C_Ps4,UC3Ruo_5doyu514PesWGvCAg,2019-05-18 20:02:56,
498,富士葵,海の幽霊,米津玄師,False,,OhnCBiH8w4A,UC3Ruo_5doyu514PesWGvCAg,2019-06-05 22:20:45,
499,富士葵,ECHO,Crusher-P,False,,QiaGxD5pKaQ,UC3Ruo_5doyu514PesWGvCAg,2019-06-15 23:12:44,
500,富士葵,はじまりの音,富士葵,False,,XZCVNheBGOw,UC3Ruo_5doyu514PesWGvCAg,2018-11-06 19:58:24,
501,富士葵,糸,富士葵,False,,_YbHUSy_x2E,UC_1TMrOC9uXEFJR39Q3tTyw,2019-04-08 00:00:09,
502,虹河ラキ,君の知らない物語,supercell,False,,T39QLAMhruI,UCp77Qho-YHhnklRr-DkjiOw,2018-06-26 17:00:01,
503,虹河ラキ,時計仕掛けの夢,タイムレスキュー,False,,Fn9YxucRNOc,UCp77Qho-YHhnklRr-DkjiOw,2018-08-07 20:20:12,
504,虹河ラキ,Joy to the world,スリー・ドッグ・ナイト,False,,A9Ah8ml6TzU,UCp77Qho-YHhnklRr-DkjiOw,2018-12-25 19:00:00,
505,虹河ラキ,もろびとこぞりて,讃美歌,False,,qnFbT7FOmkw,UCp77Qho-YHhnklRr-DkjiOw,2018-12-25 19:00:06,
506,虹河ラキ,惑星ループ,ナユタン星人,False,,0SU--Oo5imc,UCp77Qho-YHhnklRr-DkjiOw,2019-03-05 17:00:00,
507,神楽めあ,ビースト・ダンス,くらげP,False,,UonWUmb8oV0,UCWCc8tO-uUl_7SJXIKJACMw,2018-09-05 22:00:03,
508,神楽めあ,愛言葉Ⅲ,DECO*27,False,,Wc_P4NLtcBM,UCWCc8tO-uUl_7SJXIKJACMw,2018-10-17 20:00:05,
509,神楽めあ,ヒトリゴト,ClariS,True,千草はな,VjbYpx-Hw-g,UCWCc8tO-uUl_7SJXIKJACMw,2018-12-05 21:58:20,
510,神楽めあ,廃都アトリエスタにて,cosMo,True,卯月コウ,M6esqi1cnEE,UCWCc8tO-uUl_7SJXIKJACMw,2018-12-24 23:57:41,
511,神楽めあ,Flamingo,米津玄師,False,,dbN3cFEaptU,UCWCc8tO-uUl_7SJXIKJACMw,2019-01-23 19:58:44,
512,犬山たまき,バレリーコ,みきとP,True,神楽めあ,r7FFXJFKm5k,UC8NZiqKx6fsDT3AVcMiVFyA,2019-02-12 17:58:41,
513,神楽めあ,クノイチでも恋がしたい,みきとP,True,湊あくあ,yS2rcvR6tFI,UCWCc8tO-uUl_7SJXIKJACMw,2019-04-26 21:00:10,
514,神楽めあ,チカっとチカ千花っ♡,かぐや様は告らせたい,False,,V7cBz928jhU,UCWCc8tO-uUl_7SJXIKJACMw,2019-05-11 21:28:47,
515,響木アオ,lemon,米津玄師,False,,i54nTY_Xgl4,UCNwo7eikmX5HPs7NedWVBgw,2018-06-01 19:00:08,
516,響木アオ,スタートの合図,響木アオ,False,,EuemLv9DNG4,UC1oPBUWifc0QOOY8DEKhLuQ,2018-10-07 00:00:03,
517,響木アオ,virtualinsanity,jamiroquai,False,,je9Kzc-J4WM,UCNwo7eikmX5HPs7NedWVBgw,2018-05-31 19:00:12,
518,響木アオ,打上花火,米津玄師,False,,D11JIOXu_6I,UCNwo7eikmX5HPs7NedWVBgw,2018-06-15 19:00:01,
519,響木アオ,廃墟の国のアリス,まふまふ,False,,GKlOTi-A2xE,UCNwo7eikmX5HPs7NedWVBgw,2018-09-10 19:00:02,
520,響木アオ,ハロ／ハワユ,ナノウ,False,,kYGg1vWMbfA,UCNwo7eikmX5HPs7NedWVBgw,2018-02-15 19:00:01,
521,響木アオ,シャルル,バルーン,False,,pqvKIQMWkOY,UCNwo7eikmX5HPs7NedWVBgw,2019-04-19 19:00:07,
522,響木アオ,私、アイドル宣言,CHiCO with HoneyWorks,False,,gyBMk2sAbrs,UCNwo7eikmX5HPs7NedWVBgw,2018-08-22 19:00:07,
523,響木アオ,チカっとチカ千花っ♡,かぐや様は告らせたい,False,,JklXfqM_yeQ,UCNwo7eikmX5HPs7NedWVBgw,2019-03-11 21:00:05,
524,響木アオ,にんじゃりばんばん,きゃりーぱみゅぱみゅ,False,,08hVIe4MnhU,UCNwo7eikmX5HPs7NedWVBgw,2018-06-28 19:00:00,
525,響木アオ,はじめてのチュウ,あんしんパパ,False,,6e_5_KtJkFw,UCNwo7eikmX5HPs7NedWVBgw,2018-05-23 19:00:03,
526,響木アオ,初めての恋が終わる時,ryo,False,,lHAQRminNmc,UCNwo7eikmX5HPs7NedWVBgw,2018-03-02 19:00:07,
527,響木アオ,lllトゥルティンアンテナlll,レタスP,False,,I0SyWEUFNmQ,UCNwo7eikmX5HPs7NedWVBgw,2018-02-20 18:59:56,
528,響木アオ,乙女解剖,DECO*27,False,,nz0y_L1Y0v0,UCNwo7eikmX5HPs7NedWVBgw,2019-05-19 19:00:10,
529,響木アオ,恋人たちのクリスマス,Mariah Carey,False,,2IhVS4wAtKM,UCNwo7eikmX5HPs7NedWVBgw,2018-12-18 19:00:01,
530,まじかるどーる,未完成ガールズハート,まじかるどーる,True,響木アオ,SiWOSnK4reo,UCzhwXcK9DTiY-VqYjwnjZhQ,2019-01-02 19:00:03,"夏色まつり,皆守ひいろ,ふくやマスター"
531,響木アオ,ヒビキズム,響木アオ,False,,z6j-PVjhxXQ,UC1oPBUWifc0QOOY8DEKhLuQ,2019-05-10 20:00:17,
532,響木アオ,ユメスクリーム,響木アオ,False,,5wSb6I_Btpk,UCNwo7eikmX5HPs7NedWVBgw,2019-06-05 00:00:00,
533,響木アオ,クリスマスソング,back number,False,,7AAJu3UQQ8Q,UCNwo7eikmX5HPs7NedWVBgw,2018-12-21 19:00:01,
534,響木アオ,おちゃめ機能,ゴジマジ,False,,YzRng3mNaQg,UCNwo7eikmX5HPs7NedWVBgw,2019-05-03 19:00:05,
535,響木アオ,future base,キズナアイ,False,,tLCTlXcDUhQ,UCNwo7eikmX5HPs7NedWVBgw,2018-12-30 19:00:07,
536,響木アオ,melt warp,響木アオ,False,,UKM1SGX2Fdc,UC1oPBUWifc0QOOY8DEKhLuQ,2019-04-12 20:00:04,
537,響木アオ,ChuChuChu♡ダーリン,響木アオ,False,,PGnO5rWsAok,UCNwo7eikmX5HPs7NedWVBgw,2018-05-24 19:01:00,
538,響木アオ,アオの青汁,響木アオ,False,,kACQK4Mk7ig,UCNwo7eikmX5HPs7NedWVBgw,2019-03-01 19:00:04,
539,響木アオ,0と1と3,響木アオ,False,,zlp0MGLiAhQ,UCNwo7eikmX5HPs7NedWVBgw,2019-01-07 19:58:16,
540,響木アオ,遅刻,響木アオ,False,,lI4FkcHvDqI,UCNwo7eikmX5HPs7NedWVBgw,2018-05-30 19:00:05,
541,響木アオ,またね,響木アオ,False,,Mm-udBkQ9Dc,UCNwo7eikmX5HPs7NedWVBgw,2018-07-30 19:00:02,
542,響木アオ,七色の風,響木アオ,True,たこやきレインボー,SYIE2zCrPa0,UC1oPBUWifc0QOOY8DEKhLuQ,2019-03-07 00:00:05,
543,かしこまり,命に嫌われている。,カンザキイオリ,False,,J0bs5nrU9pk,UCfiK42sBHraMBK6eNWtsy7A,2019-07-12 20:44:55,
544,天神子兎音,路地裏ユニバース,蝶々P,False,,rZhH6JKALOI,UCAr7rLi_Wn09G-XfTA07d4g,2019-07-12 21:00:11,
545,銀河アリス,太陽曰く燃えよカオス,這いよれ！ニャル子さん,False,,hmk8jeNIh_Y,UCT1AQFit-Eaj_YQMsfV0RhQ,2018-11-15 19:22:52,
546,銀河アリス,侵略ノススメ☆,侵略!イカ娘,False,,UT-SlVXDQuM,UCT1AQFit-Eaj_YQMsfV0RhQ,2018-07-18 22:04:05,
547,銀河アリス,ミライアカリ,ミライトミライ,False,,RXEEHpfxXEo,UCT1AQFit-Eaj_YQMsfV0RhQ,2019-02-21 20:00:04,
548,銀河アリス,U.S.A.,DA PUMP,False,,1Tvti2gpDXI,UCT1AQFit-Eaj_YQMsfV0RhQ,2018-06-29 20:05:19,
549,銀河アリス,Someday Someday,銀河アリス,False,,vLa184Z4q4g,UCT1AQFit-Eaj_YQMsfV0RhQ,2019-06-29 18:57:50,
550,銀河アリス,Link,銀河アリス,False,,CMUBtCawYb0,UCT1AQFit-Eaj_YQMsfV0RhQ,2019-05-24 20:57:47,
551,銀河アリス,Ginga Alice,銀河アリス,False,,J_vPClK2f4o,UCT1AQFit-Eaj_YQMsfV0RhQ,2019-02-23 17:58:19,
552,銀河アリス,脳漿炸裂ガール,れるりり,True,ときのそら,_TXMVoPB-fw,UCT1AQFit-Eaj_YQMsfV0RhQ,2018-10-25 19:00:04,
553,AZKi,Don't say lazy,放課後ティータイム,True,おさナズ,MIlI_NeWuyo,UC0TXe_LYZ4scaW2XMyi5_kw,2019-07-12 21:58:16,
554,AZKi,ウィアートル,rionos,False,,56OgSRwV-xw,UC0TXe_LYZ4scaW2XMyi5_kw,2019-06-07 21:57:44,
555,AZKi,泡沫夢幻,朝ノ瑠璃,False,,mSVb61pOQKA,UC0TXe_LYZ4scaW2XMyi5_kw,2019-05-08 21:58:43,
556,AZKi,なつめ千秋,名も無き囚人,False,,hwkAWFw8njM,UC0TXe_LYZ4scaW2XMyi5_kw,2019-04-18 21:58:11,
557,AZKi,マリーゴールド,あいみょん,True,星乃めあ,4UEQFnENMUw,UC0TXe_LYZ4scaW2XMyi5_kw,2019-04-12 19:58:16,
558,AZKi,ハートサーモグラフィー,周防ぱとら,False,,3NgN2CvLgT4,UC0TXe_LYZ4scaW2XMyi5_kw,2019-04-04 21:58:18,
559,AZKi,ライオン,マクロスF,True,千条アリア,JJsSEUk8vxc,UC0TXe_LYZ4scaW2XMyi5_kw,2019-02-23 21:58:12,
560,AZKi,糸,花譜,False,,5Pmt9gVmvmM,UC0TXe_LYZ4scaW2XMyi5_kw,2019-02-16 21:57:42,
561,AZKi,心臓と絡繰,花譜,False,,jKJ5a7gVkH8,UC0TXe_LYZ4scaW2XMyi5_kw,2019-02-10 21:58:15,
562,AZKi,ただ君に晴れ,ヨルシカ,False,,_JoXN6LdcDY,UC0TXe_LYZ4scaW2XMyi5_kw,2019-01-26 21:58:16,
563,AZKi,秒針を噛む,ずっと真夜中でいいのに。,False,,Gni3co__EPI,UC0TXe_LYZ4scaW2XMyi5_kw,2019-01-19 21:57:49,
564,AZKi,たばこ,コレサワ,False,,UnM2_ddXNYk,UC0TXe_LYZ4scaW2XMyi5_kw,2019-01-12 21:57:41,
565,AZKi,二息歩行,DECO*27,False,,aQ6Hir0wlVg,UC0TXe_LYZ4scaW2XMyi5_kw,2019-01-02 22:00:00,
566,AZKi,オレンジ,とらドラ！,False,,7o_YL35T93w,UC0TXe_LYZ4scaW2XMyi5_kw,2018-12-20 21:57:45,
567,AZKi,セブンティーナ,はるまきごはん,False,,qokrSyGZTiM,UC0TXe_LYZ4scaW2XMyi5_kw,2018-12-13 21:58:41,
568,AZKi,イヤイヤちゃんのうた,周防パトラ,False,,f8F8yNVDUEo,UC0TXe_LYZ4scaW2XMyi5_kw,2018-12-08 22:00:05,
569,AZKi,My Dearest,supercell,False,,lxJ7SXMEPto,UC0TXe_LYZ4scaW2XMyi5_kw,2018-12-06 21:58:36,
570,AZKi,only my railgun,とある科学の超電磁砲,False,,O4Oz8Gn6oDY,UC0TXe_LYZ4scaW2XMyi5_kw,2018-11-27 19:58:34,
571,AZKi,Sweet Devil,八王子P,False,,VAvd842cCYM,UC0TXe_LYZ4scaW2XMyi5_kw,2018-11-21 19:58:21,
572,AZKi,Just Be Friends,Dixie Flatline,False,,SdgFVX0FsgE,UC0TXe_LYZ4scaW2XMyi5_kw,2018-11-15 19:58:34,
573,AZKi,Creating world,AZKi,False,,ZkvtKUQp3nM,UC0TXe_LYZ4scaW2XMyi5_kw,2018-12-28 21:57:49,
574,AZKi,リアルメランコリー,AZKi,False,,ad-6W3bazMs,UC0TXe_LYZ4scaW2XMyi5_kw,2019-01-31 21:58:43,
575,AZKi,フェリシア,AZKi,False,,JZTVchX8qJs,UC0TXe_LYZ4scaW2XMyi5_kw,2019-02-25 21:58:47,
576,AZKi,I can't control myself,AZKi,False,,tum7dljV2ts,UC0TXe_LYZ4scaW2XMyi5_kw,2019-02-28 21:58:11,
577,AZKi,ひかりのまち,AZKi,False,,SKy71bCcOyg,UC0TXe_LYZ4scaW2XMyi5_kw,2019-03-25 21:58:11,
578,AZKi,Starry Regrets,AZKi,False,,5QJfWQrdQEY,UC0TXe_LYZ4scaW2XMyi5_kw,2019-03-28 21:58:49,
579,AZKi,Fake.Fake.Fake,AZKi,False,,lGXgYHlR8ww,UC0TXe_LYZ4scaW2XMyi5_kw,2019-04-30 19:57:46,
580,AZKi,いのち,AZKi,False,,-VQx0MtsvSQ,UC0TXe_LYZ4scaW2XMyi5_kw,2019-04-30 20:13:42,
581,AZKi,シットデイズ,AZKi,False,,VriDV2NqXpg,UC0TXe_LYZ4scaW2XMyi5_kw,2019-05-31 21:57:43,
582,AZKi,さよならヒーロー,AZKi,False,,bMSPwitZiJs,UC0TXe_LYZ4scaW2XMyi5_kw,2019-06-30 21:57:46,
583,AZKi,from A to Z,AZKi,False,,f8XFa7eWLoA,UC0TXe_LYZ4scaW2XMyi5_kw,2019-07-01 21:57:49,
584,えのぐ,打上花火,米津玄師,False,,krzQM_lMkfE,UCFI81W9F49a7GvimKF905eQ,2019-04-14 20:00:21,
585,えのぐ,言って。,ヨルシカ,False,,_ZO_rso1KmU,UCFI81W9F49a7GvimKF905eQ,2019-03-23 20:00:04,
586,えのぐ,バレンタイン・キッス,国生さゆり,False,,Uh-5Wh5pajU,UCFI81W9F49a7GvimKF905eQ,2019-02-14 19:01:14,
587,えのぐ,バレンタイン・キッス,国生さゆり,False,,lC4axt_jrzY,UCFI81W9F49a7GvimKF905eQ,2019-02-14 19:00:57,
588,えのぐ,君がいてくれれば,えのぐ,False,,6tUs2h83Xp4,UCFI81W9F49a7GvimKF905eQ,2018-12-29 20:00:28,
589,えのぐ,夜咄ディセイブ,じん,False,,x2Bi0zyCGT4,UCFI81W9F49a7GvimKF905eQ,2018-12-26 20:00:34,
590,えのぐ,僕たちの青春ロード,えのぐ,False,,D3TL_KfWpr8,UCFI81W9F49a7GvimKF905eQ,2018-10-10 19:01:35,
591,えのぐ,ハートのペンキ,えのぐ,False,,ZYQSSVHT9G4,UCl2aT0nRejTCQO_LHZAftBw,2018-11-27 14:00:05,
592,海月ねう,ワンルームシュガーライフ,ナナヲアカリ,True,鮫谷そう,Rn7Hi52gLHw,UCLXxry0HqEz_mzHSsXwrhYg,2018-12-30 20:00:03,
593,海月ねう,jelly girl,海月ねう,False,,fu7q1M41BAQ,UCLXxry0HqEz_mzHSsXwrhYg,2018-10-28 23:04:14,
594,海月ねう,深海少女,ゆうゆ,True,DD,5wJkmrg5kac,UCLXxry0HqEz_mzHSsXwrhYg,2018-08-27 18:00:00,
595,海月ねう,をとは,海月ねう,False,,HStrCZu4O0I,UCLXxry0HqEz_mzHSsXwrhYg,2019-06-15 21:28:15,
596,モンスターズメイト,千年愛,モンスターズメイト,False,,gaojuWDh0aI,UCDG8K9g6qo8gX4jCjsqUVzA,2019-05-19 00:00:14,
597,モンスターズメイト,hero_,モンスターズメイト,False,,F1N22CCuL5M,UCDG8K9g6qo8gX4jCjsqUVzA,2019-04-28 20:00:01,
598,モンスターズメイト,狼狽,モンスターズメイト,False,,MtrEgHEDHMU,UCDG8K9g6qo8gX4jCjsqUVzA,2019-03-31 19:58:45,
599,モンスターズメイト,Up-to-date,モンスターズメイト,True,かしこまり,7vURHWd-pJk,UCDG8K9g6qo8gX4jCjsqUVzA,2019-02-28 19:58:16,
600,モンスターズメイト,daydream,モンスターズメイト,False,,Vc-zjekmYzM,UCDG8K9g6qo8gX4jCjsqUVzA,2019-01-30 20:00:03,
601,モンスターズメイト,花咲ク未来ニ,モンスターズメイト,False,,LqFSshKvOog,UCDG8K9g6qo8gX4jCjsqUVzA,2018-12-18 21:11:42,
602,モンスターズメイト,love letter.,モンスターズメイト,False,,5Fkf4Xq6gjM,UCDG8K9g6qo8gX4jCjsqUVzA,2018-11-23 18:00:00,
603,モンスターズメイト,MonsterZ PARADE,モンスターズメイト,False,,3gdOMGB6744,UCDG8K9g6qo8gX4jCjsqUVzA,2018-10-31 19:00:00,
604,モンスターズメイト,星天コンチェルト,モンスターズメイト,False,,QZIsOctP9W8,UCDG8K9g6qo8gX4jCjsqUVzA,2018-09-28 19:00:02,
605,モンスターズメイト,トロピカ☆ナツオーレ〜俺らの恋した真夏のVenus〜,モンスターズメイト,False,,keaBv5j9pAc,UCDG8K9g6qo8gX4jCjsqUVzA,2018-08-31 18:00:08,
606,モンスターズメイト,Live your life!!,モンスターズメイト,False,,TUHjo1fv3kU,UCDG8K9g6qo8gX4jCjsqUVzA,2018-07-28 20:01:00,
607,モンスターズメイト,ペトリコール,モンスターズメイト,False,,QVc8Xa9R84o,UCDG8K9g6qo8gX4jCjsqUVzA,2018-07-01 19:00:05,
